genre,publisher,critic_score
Action,Sony Interactive Entertainment,9.433333333333332
Action,Merge Games,9.3
Action,Valve,9.3
Action,Oddworld Inhabitants,9.0
Action,Villa Gorilla,9.0
Action,Rockstar Games,8.711111111111112
Action,Devolver Digital,8.7
Action,Bandai Namco Entertainment,8.65
Action,Microsoft Studios,8.65
Action,Konami Digital Entertainment,8.55
Action,Bandai Namco Games,8.5
Action,GT Interactive,8.5
Action,Halfbrick Studios,8.5
Action,Horberg Productions,8.350000000000001
Action,Edmund McMillen,8.3
Action,Gameloft,8.25
Action,Tecmo,8.2
Action,Nicalis,8.1
Action,Blizzard Entertainment,8.05
Action,Xseed Games,8.05
Action,2K Sports,8.0
Action,Grasshopper Manufacture Inc.,8.0
Action,Maxistentialism,8.0
Action,THQ Nordic,8.0
Action,Hasbro Interactive,7.95
Action,Square Enix,7.93076923076923
Action,Bethesda Softworks,7.9
Action,Inti Creates,7.9
Action,Sarbakan,7.8
Action,Twisted Pixel Games,7.8
Action,Capcom,7.667777777777778
Action,Sony Computer Entertainment,7.6571428571428575
Action,Koei Tecmo,7.575
Action,Adult Swim,7.5
Action,All Yes Good,7.5
Action,Level 5,7.5
Action,Thomas Happ Games,7.5
Action,Eidos Interactive,7.4625
Action,Conspiracy Entertainment,7.4
Action,Warner Bros. Interactive,7.3125
Action,Microsoft Game Studios,7.300000000000001
Action,Sony Online Entertainment,7.25
Action,Warner Bros. Interactive Entertainment,7.25
Action,Konami,7.214285714285714
Action,Beatnik Games,7.2
Action,Virgin Interactive,7.2
Action,Gathering of Developers,7.133333333333333
Action,Ubisoft,7.129411764705883
Action,Red Orb,7.1
Action,Interplay,7.033333333333334
Action,Agetec,7.0
Action,CyberSoft,7.0
Action,The Behemoth,7.0
Action,Vivendi Games,6.95
Action,LucasArts,6.949999999999999
Action,Disney Interactive Studios,6.904545454545455
Action,Microsoft,6.890909090909091
Action,Nintendo,6.843243243243243
Action,Gastronaut Studios,6.7
Action,Ignition Entertainment,6.7
Action,Namco,6.666666666666667
Action,Midway Games,6.6461538461538465
Action,2K Games,6.640000000000001
Action,3DO,6.633333333333333
Action,Ocean,6.6
Action,Psygnosis,6.6
Action,VU Games,6.6
Action,Xicat Interactive,6.550000000000001
Action,XS Games,6.5
Action,THQ,6.4363636363636365
Action,ASC Games,6.4
Action,TalonSoft,6.4
Action,Electronic Arts,6.328070175438596
Action,D3 Publisher,6.3
Action,Acclaim Entertainment,6.266666666666667
Action,Activision,6.264367816091954
Action,Buena Vista,6.25
Action,Sierra Entertainment,6.25
Action,Universal Interactive,6.25
Action,Tecmo Koei,6.235714285714286
Action,Jaleco,6.2
Action,Atlus,6.1375
Action,Sega,6.12
Action,Atari,6.115
Action,Deep Silver,6.1000000000000005
Action,King Games,6.1000000000000005
Action,Namco Bandai,6.1000000000000005
Action,TDK Core,6.1
Action,Gamelion Studios,6.0
Action,Knowledge Adventure,6.0
Action,KOEI,5.946666666666667
Action,Namco Bandai Games,5.9399999999999995
Action,BAM! Entertainment,5.825
Action,Majesco,5.822222222222222
Action,SouthPeak Interactive,5.783333333333334
Action,Take-Two Interactive,5.666666666666667
Action,Bandai,5.6
Action,Red Mile Entertainment,5.6
Action,Dark Energy Digital,5.5
Action,Infogrames,5.425
Action,Victory Lap Games,5.4
Action,"Destination Software, Inc",5.35
Action,Encore,5.3
Action,Rare,5.3
Action,Aksys Games,5.266666666666667
Action,Codemasters,5.25
Action,Vogster Entertainment,5.2
Action,NEC,5.1
Action,Nokia,4.949999999999999
Action,Sierra Online,4.9
Action,Playlogic Game Factory,4.85
Action,Crave Entertainment,4.816666666666666
Action,GameTrust,4.8
Action,Kemco,4.766666666666667
Action,TDK Mediactive,4.525
Action,505 Games,4.45
Action,Headup Games,4.2
Action,Hip Interactive,4.133333333333334
Action,D3Publisher,4.0
Action,Panther Software,4.0
Action,Shoeisha,4.0
Action,AQ Interactive,3.9
Action,989 Studios,3.6500000000000004
Action,NewKidCo,3.5
Action,Mindscape,3.0
Action,GameMill Entertainment,2.5
Action,Titus,1.3
Action-Adventure,Rockstar Games,9.8
Action-Adventure,Bifrost Entertainment,9.5
Action-Adventure,Sony Computer Entertainment America,9.5
Action-Adventure,Konami,9.275
Action-Adventure,Skydance Interactive,8.5
Action-Adventure,Sony Interactive Entertainment,8.483333333333333
Action-Adventure,Nintendo,8.366666666666667
Action-Adventure,Sony Computer Entertainment,8.34
Action-Adventure,Ubisoft,8.23157894736842
Action-Adventure,THQ,8.225
Action-Adventure,505 Games,8.05
Action-Adventure,FDG Entertainment,8.0
Action-Adventure,Konami Digital Entertainment,7.957142857142857
Action-Adventure,Disney Interactive Studios,7.8
Action-Adventure,Level 5,7.8
Action-Adventure,Square Enix,7.728571428571429
Action-Adventure,Microsoft Game Studios,7.566666666666666
Action-Adventure,Nordic Games,7.5
Action-Adventure,Microsoft Studios,7.275
Action-Adventure,Atlus,7.2
Action-Adventure,Activision,7.0200000000000005
Action-Adventure,NIS America,7.0
Action-Adventure,aeiowu,7.0
Action-Adventure,Warner Bros. Interactive Entertainment,6.95
Action-Adventure,Hello Games,6.8
Action-Adventure,2K Games,6.733333333333333
Action-Adventure,Electronic Arts,6.6
Action-Adventure,Namco Bandai Games,6.6
Action-Adventure,GungHo Online Entertainment,6.5
Action-Adventure,Microids,6.5
Action-Adventure,Outright Games,6.5
Action-Adventure,THQ Nordic,6.5
Action-Adventure,Deep Silver,6.300000000000001
Action-Adventure,Facepunch Studios,6.1
Action-Adventure,Maximum Games,5.0
Action-Adventure,Sega,4.6
Action-Adventure,Studio Wildcard,4.0
Action-Adventure,D3Publisher,2.8
Adventure,The Fullbright Company,9.1
Adventure,Perp Games,9.0
Adventure,Square,9.0
Adventure,Broderbund,8.9
Adventure,Zombie Cow Studios,8.8
Adventure,Funcom,8.7
Adventure,Sam Barlow,8.7
Adventure,The Astronauts,8.7
Adventure,Rockstar Games,8.617647058823529
Adventure,Finji,8.5
Adventure,Majesco,8.4
Adventure,Ysbryd Games,8.4
Adventure,Sierra Online,8.3
Adventure,Take-Two Interactive,8.3
Adventure,Nintendo,8.286440677966102
Adventure,Campo Santo,8.2
Adventure,Amanita Design,8.0
Adventure,Kalypso,8.0
Adventure,Sidebar Games,8.0
Adventure,Sony Interactive Entertainment,8.0
Adventure,Tomorrow Corporation,8.0
Adventure,Twisted Tree,8.0
Adventure,Wadjet Eye Games,8.0
Adventure,Game Arts,7.9
Adventure,Microsoft,7.9
Adventure,Square Enix,7.8999999999999995
Adventure,Capcom,7.877777777777778
Adventure,LucasArts,7.823076923076924
Adventure,Aksys Games,7.800000000000001
Adventure,Acclaim Entertainment,7.8
Adventure,Sony Computer Entertainment,7.736363636363637
Adventure,Warner Bros. Interactive,7.714285714285714
Adventure,Microsoft Game Studios,7.7
Adventure,SouthPeak Interactive,7.6
Adventure,Telltale Games,7.57
Adventure,Ubisoft,7.5600000000000005
Adventure,Codemasters,7.55
Adventure,Infogrames,7.533333333333334
Adventure,Eidos Interactive,7.5
Adventure,Rising Star,7.5
Adventure,Atlus,7.433333333333334
Adventure,Aspyr,7.4
Adventure,Konami,7.311111111111111
Adventure,Encore,7.3
Adventure,Lexis Numerique,7.3
Adventure,Viva Media,7.3
Adventure,Crave Entertainment,7.25
Adventure,The Adventure Company,7.25
Adventure,Jaleco,7.1
Adventure,Namco Bandai,7.0
Adventure,Nocturnal Entertainment,7.0
Adventure,RTL,7.0
Adventure,Tale of Tales,7.0
Adventure,Sega,6.942857142857143
Adventure,DreamCatcher Interactive,6.925
Adventure,Got Game Entertainment,6.9
Adventure,NIS America,6.8
Adventure,Relentless Software,6.8
Adventure,Natsume,6.75
Adventure,Disney Interactive Studios,6.65
Adventure,Bandai,6.6
Adventure,Mindscape,6.6
Adventure,Electronic Arts,6.576470588235294
Adventure,BAM! Entertainment,6.533333333333334
Adventure,"Aspyr Media, Inc.",6.5
Adventure,Playlogic Game Factory,6.5
Adventure,Focus Home Interactive,6.4
Adventure,AIA,6.3
Adventure,TDK Mediactive,6.3
Adventure,2K Games,6.2
Adventure,Activision,6.2
Adventure,ASCII Entertainment,6.1
Adventure,Feardemic,6.0
Adventure,KOEI,6.0
Adventure,Knowledge Adventure,6.0
Adventure,Qubic Games,6.0
Adventure,Hudson Soft,5.9
Adventure,Sierra Entertainment,5.85
Adventure,THQ,5.800000000000001
Adventure,Grey Box,5.8
Adventure,Marvelous Interactive,5.7
Adventure,Buena Vista,5.55
Adventure,Hudson Entertainment,5.5
Adventure,Paradox Interactive,5.5
Adventure,Kemco,5.4
Adventure,Level 5,5.4
Adventure,Agetec,5.35
Adventure,Erik Sved√§ng,5.3
Adventure,Midway Games,5.1
Adventure,Interplay,4.9
Adventure,Psygnosis,4.9
Adventure,Fortyfive,4.8
Adventure,Atari,4.4399999999999995
Adventure,Xseed Games,4.0
Adventure,Global Star Software,3.9
Adventure,Mattel Interactive,3.9
Adventure,VU Games,3.9
Adventure,Deep Silver,3.8499999999999996
Adventure,CDV Software Entertainment,2.0
Board Game,Ubisoft,5.3
Education,Warner Bros. Interactive,8.0
Education,Nintendo,7.5
Fighting,EA Sports BIG,8.8
Fighting,Warner Bros. Interactive Entertainment,8.633333333333333
Fighting,From Software,8.6
Fighting,Namco,8.514285714285714
Fighting,Tecmo,8.366666666666667
Fighting,Warner Bros. Interactive,8.350000000000001
Fighting,Nicalis,8.3
Fighting,Bandai Namco Entertainment,8.25
Fighting,Capcom,8.229411764705882
Fighting,Square Enix,8.2
Fighting,Sammy Corporation,8.1
Fighting,EA Sports,8.044444444444444
Fighting,Arc System Works,8.0
Fighting,D4 Enterprise,8.0
Fighting,Ghostfire Games,8.0
Fighting,Human Entertainment,8.0
Fighting,THQ,8.0
Fighting,Atlus,7.933333333333334
Fighting,Nintendo,7.921428571428572
Fighting,BAM! Entertainment,7.9
Fighting,Sega,7.828571428571428
Fighting,Activision,7.7
Fighting,SNK Playmore,7.699999999999999
Fighting,Aksys Games,7.683333333333334
Fighting,Tecmo Koei,7.6000000000000005
Fighting,2K Sports,7.6
Fighting,Square EA,7.5
Fighting,Agetec,7.459999999999999
Fighting,D3 Publisher,7.4
Fighting,Namco Bandai Games,7.25
Fighting,SNK,7.2
Fighting,Sony Computer Entertainment,7.2
Fighting,GameMill Entertainment,7.0
Fighting,Microsoft Game Studios,7.0
Fighting,Valve,7.0
Fighting,Midway Games,6.921739130434782
Fighting,Electronic Arts,6.875
Fighting,Namco Bandai,6.843478260869565
Fighting,NIS America,6.7
Fighting,Square,6.7
Fighting,Bandai,6.642857142857143
Fighting,Majesco,6.6000000000000005
Fighting,Atari,6.238461538461538
Fighting,Ignition Entertainment,6.2
Fighting,Merge Games,6.2
Fighting,Crave Entertainment,6.15
Fighting,Destineer,6.1
Fighting,Nokia,6.1
Fighting,Double Fine Presents,6.0
Fighting,Eidos Interactive,6.0
Fighting,Metro 3D,6.0
Fighting,Ubisoft,5.720000000000001
Fighting,505 Games,5.666666666666667
Fighting,Konami,5.5600000000000005
Fighting,Xseed Games,5.3
Fighting,989 Studios,5.2
Fighting,TEN,4.9
Fighting,Acclaim Entertainment,4.8
Fighting,Mindscape,4.1
Fighting,SouthPeak Interactive,4.0
Fighting,Interplay,3.1
Fighting,Game Factory,2.9
MMO,Blizzard Entertainment,9.175
MMO,Bethesda Softworks,7.5
MMO,Square Enix,6.85
MMO,Sony Online Entertainment,6.733333333333333
Music,Drool,9.0
Music,Microsoft,8.6
Music,MTV Games,8.4
Music,Nintendo,8.1
Music,Ubisoft,8.069230769230769
Music,PM Studios,8.0
Music,Bandai Namco Games,7.5
Music,Xseed Games,7.0
Music,Sony Computer Entertainment,6.5
Party,Microsoft Game Studios,6.7
Party,Nintendo,6.1909090909090905
Party,Ubisoft,6.1
Party,Sony Computer Entertainment,4.866666666666666
Platform,Rare,9.2
Platform,Matt Makes Games Inc.,9.15
Platform,Number None,9.05
Platform,Playdead,9.0
Platform,Soedesco,9.0
Platform,Yacht Club Games,9.0
Platform,Playmates,8.8
Platform,Re-Logic,8.8
Platform,Sony Music Entertainment,8.7
Platform,Namco Bandai Games,8.6
Platform,Mediatonic,8.4
Platform,Over The Top Games,8.4
Platform,Frontier Developments,8.399999999999999
Platform,Valcon Games,8.3
Platform,Nintendo,8.260240963855422
Platform,Nobilis,8.200000000000001
Platform,Broken Rules,8.2
Platform,GarageGames,8.2
Platform,Twisted Pixel Games,8.166666666666666
Platform,WayForward,8.1
Platform,Microsoft,8.05
Platform,Bulkypix,8.0
Platform,Gameloft,8.0
Platform,Image & Form Games,8.0
Platform,Warner Bros. Interactive Entertainment,8.0
Platform,Capcom,7.996774193548387
Platform,Namco,7.971428571428571
Platform,Sony Computer Entertainment,7.951020408163265
Platform,Frozenbyte,7.8
Platform,Terry Cavanagh,7.8
Platform,GT Interactive,7.76
Platform,WayForward Technologies,7.7
Platform,Majesco,7.671428571428572
Platform,Microsoft Game Studios,7.633333333333333
Platform,Mattel Interactive,7.6
Platform,Namco Bandai,7.6
Platform,Sony Interactive Entertainment,7.6
Platform,Creat Studio,7.5
Platform,Enix,7.5
Platform,Nicalis,7.5
Platform,Rage Software,7.5
Platform,Aksys Games,7.45
Platform,NinjaBee,7.449999999999999
Platform,DotEmu,7.4
Platform,Hudson Soft,7.3999999999999995
Platform,Konami,7.382352941176471
Platform,Ubisoft,7.345652173913043
Platform,Cave,7.3
Platform,Global Star Software,7.3
Platform,NewKidCo,7.3
Platform,NIS America,7.233333333333333
Platform,Vivendi Games,7.228571428571429
Platform,Metro 3D,7.2
Platform,Fox Interactive,7.05
Platform,Gaijin Entertainment,7.0
Platform,Jaleco,7.0
Platform,LucasArts,7.0
Platform,Pan Vision,7.0
Platform,Press Play,7.0
Platform,Rain Games,7.0
Platform,Sony Online Entertainment,7.0
Platform,Electronic Arts,6.8533333333333335
Platform,Buena Vista,6.840000000000001
Platform,DreamCatcher Interactive,6.8
Platform,Extend Studio,6.8
Platform,Sega,6.713333333333334
Platform,3DO,6.7
Platform,Eidos Interactive,6.675
Platform,BAM! Entertainment,6.6
Platform,Disney Interactive Studios,6.542857142857143
Platform,Microsoft Studios,6.5
Platform,THQ,6.5
Platform,Activision,6.468292682926829
Platform,LEGO Media,6.4
Platform,Acclaim Entertainment,6.366666666666667
Platform,Universal Interactive,6.3
Platform,Sierra Entertainment,6.133333333333333
Platform,Atari,6.0200000000000005
Platform,Infogrames,5.9399999999999995
Platform,Natsume,5.9
Platform,Ultra Games,5.9
Platform,Accolade,5.8
Platform,VU Games,5.7
Platform,Virgin Interactive,5.7
Platform,Midway Games,5.514285714285714
Platform,Tecmo,5.3
Platform,Titus,5.133333333333334
Platform,Polykid,5.0
Platform,D3 Publisher,4.3
Platform,Crave Entertainment,4.0
Platform,Square Enix,4.0
Platform,Paramount Digital Entertainment,3.5
Platform,TDK Mediactive,3.0
Platform,UFO Interactive,1.5
Puzzle,2D Boy,9.2
Puzzle,Mad Monkey Studio,9.0
Puzzle,Take-Two Interactive,9.0
Puzzle,D3 Publisher,8.85
Puzzle,Activision,8.8
Puzzle,Capybara Games,8.8
Puzzle,Ustwo Games,8.7
Puzzle,Ocean,8.6
Puzzle,Annapurna Interactive,8.5
Puzzle,Arc System Works,8.5
Puzzle,Sidhe Interactive,8.5
Puzzle,Tetris Online,8.5
Puzzle,2K Play,8.4
Puzzle,3909 LLC,8.4
Puzzle,WayForward,8.3
Puzzle,PopCap Games,8.12857142857143
Puzzle,2K Games,8.1
Puzzle,Hudson Entertainment,8.1
Puzzle,Electronic Arts,8.059999999999999
Puzzle,Warner Bros. Interactive,8.05
Puzzle,Buena Vista,8.0
Puzzle,Endless Fluff Games,8.0
Puzzle,Metro 3D,8.0
Puzzle,Sabarasa Entertainment,8.0
Puzzle,Ubisoft,8.0
Puzzle,Zallag,8.0
Puzzle,Double Fine Presents,7.9
Puzzle,Vatical Entertainment,7.9
Puzzle,Warner Bros. Interactive Entertainment,7.9
Puzzle,Sega,7.821428571428571
Puzzle,Zoo Games,7.8
Puzzle,Valcon Games,7.75
Puzzle,Two Tribes,7.7
Puzzle,Nintendo,7.6605263157894745
Puzzle,Acclaim Entertainment,7.659999999999999
Puzzle,Halfbrick Studios,7.65
Puzzle,Kalypso,7.6
Puzzle,Abylight,7.5
Puzzle,Chillingo,7.5
Puzzle,Destineer,7.5
Puzzle,Enjoy Gaming,7.5
Puzzle,Kemco,7.5
Puzzle,Kloonigames,7.5
Puzzle,Lazy 8 Studios,7.5
Puzzle,Xform,7.5
Puzzle,NIS America,7.4
Puzzle,Natsume,7.4
Puzzle,Xseed Games,7.4
Puzzle,Sony Computer Entertainment,7.3
Puzzle,Namco,7.275
Puzzle,Hudson Soft,7.220000000000001
Puzzle,Namco Bandai,7.220000000000001
Puzzle,Ignition Entertainment,7.171428571428572
Puzzle,Capcom,7.15
Puzzle,Majesco,7.125
Puzzle,Beatshapers,7.1
Puzzle,Microsoft,7.033333333333334
Puzzle,Agetec,7.0
Puzzle,"Arcen Games, LLC",7.0
Puzzle,Atlus,7.0
Puzzle,Exkee,7.0
Puzzle,Jason Rohrer,7.0
Puzzle,Psygnosis,7.0
Puzzle,SelectSoft,7.0
Puzzle,Eidos Interactive,6.925000000000001
Puzzle,Midway Games,6.9
Puzzle,Nokia,6.9
Puzzle,iWin,6.8
Puzzle,Conspiracy Entertainment,6.7
Puzzle,Mastiff,6.7
Puzzle,Sony Online Entertainment,6.7
Puzzle,Tecmo,6.7
Puzzle,Telltale Games,6.65
Puzzle,Laughing Jackal,6.6
Puzzle,THQ,6.557142857142857
Puzzle,Disney Interactive Studios,6.533333333333334
Puzzle,Oberon Media,6.533333333333334
Puzzle,Nordcurrent,6.5
Puzzle,Sierra Online,6.5
Puzzle,Atari,6.4799999999999995
Puzzle,Empire Interactive,6.45
Puzzle,Big Fish Games,6.4
Puzzle,Konami Digital Entertainment,6.3
Puzzle,Mumbo Jumbo,6.266666666666667
Puzzle,Konami,6.24
Puzzle,Creat Studio,6.0
Puzzle,Engine Software,6.0
Puzzle,Bullet Proof Software,5.8
Puzzle,Square Enix,5.8
Puzzle,Codemasters,5.7
Puzzle,Nnooo,5.6
Puzzle,Cinemax,5.5
Puzzle,United Developers,5.5
Puzzle,Crave Entertainment,5.35
Puzzle,Taito,5.35
Puzzle,Codemasters Online,5.3
Puzzle,Hasbro Interactive,5.15
Puzzle,DTP Entertainment,5.0
Puzzle,Focus Home Interactive,5.0
Puzzle,"Genius Products, Inc.",5.0
Puzzle,Playlogic Game Factory,5.0
Puzzle,Jaleco,4.4
Puzzle,Mastertronic,3.0
Puzzle,Compile,2.3
Racing,Microprose,9.3
Racing,Microsoft Studios,9.049999999999999
Racing,Namco Bandai Games,8.85
Racing,Sony Computer Entertainment America,8.6
Racing,Deep Silver,8.414285714285715
Racing,Microsoft Game Studios,8.322222222222223
Racing,RedLynx,8.3
Racing,Microsoft,8.200000000000001
Racing,Codemasters,7.952830188679245
Racing,Gathering of Developers,7.9
Racing,Jaleco,7.9
Racing,Sony Computer Entertainment,7.897777777777777
Racing,Nintendo,7.764516129032257
Racing,EA Sports,7.733333333333334
Racing,Vivendi Games,7.7
Racing,Nokia,7.68
Racing,Electronic Arts,7.578651685393258
Racing,Psygnosis,7.55
Racing,Rockstar Games,7.5
Racing,Namco,7.414285714285714
Racing,LucasArts,7.375
Racing,Bandai Namco Entertainment,7.3
Racing,Empire Interactive,7.3
Racing,Warner Bros. Interactive,7.3
Racing,Atari,7.2625
Racing,Sega,7.227586206896552
Racing,Midway Games,7.183333333333334
Racing,Video System,7.1
Racing,Disney Interactive Studios,7.0636363636363635
Racing,Shin'en,7.05
Racing,City Interactive,7.0
Racing,DTP Entertainment,7.0
Racing,Enlight,7.0
Racing,Halfbrick Studios,7.0
Racing,Atlus,6.9
Racing,Infogrames,6.859999999999999
Racing,VU Games,6.824999999999999
Racing,989 Studios,6.7
Racing,THQ,6.506666666666666
Racing,"Destination Software, Inc",6.5
Racing,Capcom,6.45
Racing,BAM! Entertainment,6.4
Racing,Activision,6.32
Racing,Conspiracy Entertainment,6.3
Racing,Ubisoft,6.210344827586207
Racing,Gaijin Entertainment,6.2
Racing,Climax Entertainment,6.1
Racing,DSI Games,6.1
Racing,Microids,6.1
Racing,Gotham Games,6.066666666666666
Racing,Konami,6.033333333333334
Racing,505 Games,6.0
Racing,Bandai,6.0
Racing,Playmates,6.0
Racing,Mindscape,5.9
Racing,NEC Interchannel,5.9
Racing,Namco Bandai,5.800000000000001
Racing,Crave Entertainment,5.766666666666667
Racing,Acclaim Entertainment,5.6952380952380945
Racing,King Games,5.6000000000000005
Racing,Square EA,5.4
Racing,Titus,5.279999999999999
Racing,Buena Vista,5.0
Racing,Kemco,4.9
Racing,TDK Mediactive,4.9
Racing,ASCII Entertainment,4.5
Racing,Encore,4.5
Racing,GT Interactive,3.0
Racing,Majesco,3.0
Racing,Nordcurrent,3.0
Racing,GameMill Entertainment,2.0
Racing,WizardWorks,1.9
Role-Playing,Toby Fox,9.7
Role-Playing,LucasArts,9.4
Role-Playing,Crave Entertainment,9.1
Role-Playing,8-4,9.0
Role-Playing,Supergiant Games,8.9
Role-Playing,Blizzard Entertainment,8.833333333333334
Role-Playing,Warner Bros. Interactive Entertainment,8.75
Role-Playing,ESP,8.7
Role-Playing,Mythic Entertainment,8.7
Role-Playing,Interplay,8.677777777777777
Role-Playing,Nexon America,8.5
Role-Playing,QCF Design,8.5
Role-Playing,THQ Nordic,8.5
Role-Playing,2K Games,8.433333333333334
Role-Playing,Bandai Namco Entertainment,8.4
Role-Playing,Crate Entertainment,8.4
Role-Playing,Square,8.393333333333334
Role-Playing,Take-Two Interactive,8.366666666666665
Role-Playing,Carpe Fulgur,8.3
Role-Playing,Merge Games,8.3
Role-Playing,Trendy Entertainment,8.3
Role-Playing,Working Designs,8.257142857142856
Role-Playing,Square EA,8.200000000000001
Role-Playing,Eidos Interactive,8.15
Role-Playing,Xicat Interactive,8.1
Role-Playing,NCSoft,8.059999999999999
Role-Playing,"Destination Software, Inc",8.0
Role-Playing,Gamevil,8.0
Role-Playing,Enix,7.95
Role-Playing,Nintendo,7.940845070422535
Role-Playing,Funcom,7.9
Role-Playing,Mindscape,7.9
Role-Playing,Perfect World Entertainment,7.9
Role-Playing,Bethesda Softworks,7.815217391304348
Role-Playing,Conspiracy Entertainment,7.8
Role-Playing,Crystal Dynamics,7.8
Role-Playing,Zeboyd Games,7.75
Role-Playing,Electronic Arts,7.718518518518518
Role-Playing,Atlus,7.659459459459459
Role-Playing,Sony Computer Entertainment,7.658333333333334
Role-Playing,Square Enix,7.658163265306122
Role-Playing,Microsoft Game Studios,7.614285714285714
Role-Playing,Activision,7.590909090909091
Role-Playing,Midway Games,7.55
Role-Playing,Microsoft,7.525
Role-Playing,Gathering of Developers,7.5
Role-Playing,Sony Online Entertainment,7.5
Role-Playing,Natsume,7.4875
Role-Playing,Capcom,7.476190476190476
Role-Playing,Namco,7.454545454545454
Role-Playing,Marvelous Interactive,7.449999999999999
Role-Playing,Namco Bandai,7.433333333333334
Role-Playing,Mastiff,7.4
Role-Playing,Vatical Entertainment,7.4
Role-Playing,Virgin Interactive,7.4
Role-Playing,Konami,7.336842105263158
Role-Playing,Sega,7.332432432432433
Role-Playing,Namco Bandai Games,7.3199999999999985
Role-Playing,Lighthouse Interactive,7.3
Role-Playing,THQ,7.254545454545454
Role-Playing,Hot-B,7.2
Role-Playing,ASCII Entertainment,7.199999999999999
Role-Playing,Xseed Games,7.192592592592592
Role-Playing,Nokia,7.1499999999999995
Role-Playing,NIS America,7.117777777777778
Role-Playing,Paradox Interactive,7.040000000000001
Role-Playing,Warner Bros. Interactive,7.0200000000000005
Role-Playing,Atari,7.0
Role-Playing,Ignition Entertainment,7.0
Role-Playing,Disney Interactive Studios,6.966666666666666
Role-Playing,Ubisoft,6.954545454545454
Role-Playing,Aspyr,6.8
Role-Playing,Sierra Entertainment,6.8
Role-Playing,Level 5,6.75
Role-Playing,CDV Software Entertainment,6.725
Role-Playing,Gameloft,6.7
Role-Playing,Infogrames,6.7
Role-Playing,Hothead Games,6.625
Role-Playing,O3 Entertainment,6.6
Role-Playing,Devolver Digital,6.5
Role-Playing,SNK,6.5
Role-Playing,AIA,6.4
Role-Playing,KOEI,6.4
Role-Playing,Bandai,6.3625
Role-Playing,SouthPeak Interactive,6.32
Role-Playing,Hudson Soft,6.279999999999999
Role-Playing,D3 Publisher,6.133333333333333
Role-Playing,Hudson Entertainment,6.1
Role-Playing,DreamCatcher Interactive,6.0
Role-Playing,Graffiti,6.0
Role-Playing,Niantic,6.0
Role-Playing,Agetec,5.9
Role-Playing,Aksys Games,5.8999999999999995
Role-Playing,3DO,5.82
Role-Playing,Deep Silver,5.514285714285714
Role-Playing,O~3 Entertainment,5.5
Role-Playing,Tecmo Koei,5.5
Role-Playing,JoWood Productions,5.466666666666666
Role-Playing,Nippon Ichi Software,5.1
Role-Playing,Codemasters,5.0
Role-Playing,Sirtech,5.0
Role-Playing,UFO Interactive,4.9
Role-Playing,Metro 3D,4.6
Role-Playing,Sunrise Interactive,4.6
Sandbox,Mojang,9.2
Shooter,VU Games,9.5
Shooter,Infogrames,9.3
Shooter,989 Studios,9.2
Shooter,Gathering of Developers,9.2
Shooter,Q Entertainment,9.1
Shooter,Blizzard Entertainment,9.0
Shooter,Rare,8.899999999999999
Shooter,Halfbrick Studios,8.85
Shooter,Valve,8.799999999999999
Shooter,Valve Corporation,8.766666666666666
Shooter,id Software,8.7
Shooter,ESP,8.65
Shooter,Bizarre Creations,8.6
Shooter,Treasure,8.6
Shooter,Valve Software,8.6
Shooter,Vivendi Games,8.6
Shooter,Deep Silver,8.5
Shooter,Jason Rohrer,8.5
Shooter,Take-Two Interactive,8.5
Shooter,Warner Bros. Interactive Entertainment,8.5
Shooter,Microsoft Game Studios,8.483333333333333
Shooter,Interplay,8.466666666666667
Shooter,Rockstar Games,8.366666666666667
Shooter,Llamasoft,8.3
Shooter,Metro 3D,8.3
Shooter,O3 Entertainment,8.3
Shooter,The Behemoth,8.3
Shooter,Microsoft Studios,8.266666666666667
Shooter,Gameloft,8.2
Shooter,Taito,8.05
Shooter,Nintendo,8.015789473684212
Shooter,Cave,8.0
Shooter,Queasy Games,8.0
Shooter,Red Storm Entertainment,8.0
Shooter,Sabarasa Entertainment,8.0
Shooter,Uber Entertainment,8.0
Shooter,Electronic Arts,7.967619047619048
Shooter,2K Games,7.903703703703704
Shooter,Fox Interactive,7.9
Shooter,GT Interactive,7.85
Shooter,Sierra Entertainment,7.833333333333333
Shooter,Tozai Games,7.8
Shooter,Wargaming.net,7.8
Shooter,TimeGate Studios,7.75
Shooter,PomPom,7.725
Shooter,Mediatonic,7.7
Shooter,Activision,7.67843137254902
Shooter,Microsoft,7.672727272727273
Shooter,Sony Computer Entertainment,7.574358974358974
Shooter,Kalypso Media,7.55
Shooter,Sony Online Entertainment,7.55
Shooter,Aksys Games,7.5
Shooter,"Destination Software, Inc",7.5
Shooter,Naked Sky Entertainment,7.5
Shooter,Sega,7.48
Shooter,THQ,7.407407407407407
Shooter,Hip Interactive,7.4
Shooter,Level 5,7.4
Shooter,Devolver Digital,7.3500000000000005
Shooter,Hudson Entertainment,7.2
Shooter,Sierra Online,7.2
Shooter,TDK Mediactive,7.2
Shooter,Tripwire Interactive,7.166666666666667
Shooter,Majesco,7.108333333333333
Shooter,Bethesda Softworks,7.082352941176471
Shooter,Meridian4,7.05
Shooter,Icarus Games,7.0
Shooter,Koch Media,7.0
Shooter,SNK Playmore,7.0
Shooter,UFO Interactive,7.0
Shooter,Warner Bros. Interactive,7.0
Shooter,Ubisoft,6.95625
Shooter,Atari,6.923076923076923
Shooter,Midway Games,6.915384615384616
Shooter,Atlus,6.9
Shooter,Capcom,6.879166666666666
Shooter,Buena Vista,6.866666666666667
Shooter,Conspiracy Entertainment,6.85
Shooter,Square Enix,6.847058823529412
Shooter,SouthPeak Interactive,6.82
Shooter,Futuremark Games Studio,6.8
Shooter,D3 Publisher,6.763636363636365
Shooter,LucasArts,6.754545454545454
Shooter,Aspyr,6.7
Shooter,Warashi,6.7
Shooter,Eidos Interactive,6.665000000000001
Shooter,Gotham Games,6.6
Shooter,Ignition Entertainment,6.6
Shooter,Namco Bandai,6.6
Shooter,Touchstone,6.6
Shooter,505 Games,6.58
Shooter,Team17 Software,6.58
Shooter,EastAsiaSoft,6.55
Shooter,Novaleaf Game Studios,6.5
Shooter,Shin'en Multimedia,6.5
Shooter,Acclaim Entertainment,6.472727272727273
Shooter,Konami,6.4624999999999995
Shooter,Xicat Interactive,6.4
Shooter,G.Rev,6.35
Shooter,BAM! Entertainment,6.233333333333333
Shooter,Namco,6.220000000000001
Shooter,Graffiti,6.2
Shooter,Success,6.2
Shooter,Sunsoft,6.1
Shooter,Akaoni Studio,6.0
Shooter,Performance Designed Products,6.0
Shooter,Rebellion Developments,6.0
Shooter,Nokia,5.9
Shooter,Destineer,5.85
Shooter,Codemasters,5.8428571428571425
Shooter,Viva Media,5.75
Shooter,Hasbro Interactive,5.45
Shooter,Crave Entertainment,5.4399999999999995
Shooter,Ripcord Games,5.3
Shooter,Visco,5.3
Shooter,Telegames,5.2
Shooter,Sammy Corporation,5.1
Shooter,Gamecock,4.875
Shooter,Mastiff,4.8
Shooter,Whiptail Interactive,4.8
Shooter,Phantom EFX,4.699999999999999
Shooter,3DO,4.666666666666667
Shooter,City Interactive,4.625
Shooter,VD-dev,4.5
Shooter,Kemco,4.45
Shooter,Playlogic Game Factory,4.4
Shooter,Zen Studios,4.4
Shooter,GameMill Entertainment,4.0
Shooter,Reef Entertainment,4.0
Shooter,Digital Leisure Inc.,3.8
Shooter,Mumbo Jumbo,3.5
Shooter,DreamCatcher Interactive,3.0
Shooter,Tommo,2.0
Shooter,ValuSoft,1.8
Shooter,Head Games,1.2
Simulation,Bimboosoft,9.4
Simulation,Chucklefish,9.1
Simulation,1C Company,9.0
Simulation,Microprose,8.7
Simulation,Psygnosis,8.7
Simulation,SCS Software,8.5
Simulation,Maxis,8.45
Simulation,Sold Out,8.4
Simulation,Strategy First,8.4
Simulation,Team 17,8.4
Simulation,Gathering of Developers,8.3
Simulation,YuPlay,8.3
Simulation,Atari,8.2
Simulation,Lionhead Studios,8.2
Simulation,Microsoft Game Studios,8.1
Simulation,Midway Games,8.1
Simulation,THQ,8.1
Simulation,LucasArts,8.033333333333333
Simulation,Atlus,8.0
Simulation,Firemint,8.0
Simulation,Honeyslug,8.0
Simulation,NinjaBee,7.95
Simulation,Namco,7.916666666666667
Simulation,Marvelous Interactive,7.9
Simulation,Aspyr,7.800000000000001
Simulation,EON Digital Entertainment,7.8
Simulation,Capcom,7.7
Simulation,Crave Entertainment,7.666666666666667
Simulation,Nintendo,7.622727272727272
Simulation,Microsoft,7.5
Simulation,Bandai,7.4
Simulation,Namco Bandai,7.32
Simulation,ASCII Entertainment,7.2
Simulation,Level 5,7.2
Simulation,Activision,7.166666666666667
Simulation,Xseed Games,7.15
Simulation,Sega,7.066666666666666
Simulation,Electronic Arts,7.025
Simulation,Natsume,7.0249999999999995
Simulation,Aksys Games,7.0
Simulation,RailSimulator.com,7.0
Simulation,Techland,7.0
Simulation,Agetec,6.95
Simulation,Encore,6.8999999999999995
Simulation,Konami,6.85
Simulation,Sony Computer Entertainment,6.6000000000000005
Simulation,Fishtank Interactive,6.4
Simulation,505 Games,6.285714285714286
Simulation,Kalypso,6.2
Simulation,Rising Star Games,6.0
Simulation,Ubisoft,5.87037037037037
Simulation,Bethesda Softworks,5.85
Simulation,Majesco,5.6000000000000005
Simulation,From Software,5.4
Simulation,Codemasters,5.15
Simulation,Alawar Entertainment,4.0
Simulation,Hudson Soft,4.0
Simulation,Legacy Interactive,4.0
Simulation,Summitsoft,3.8
Simulation,Imagineer,3.5
Simulation,Graffiti,3.3
Simulation,Focus Home Interactive,3.0
Simulation,Destineer,2.0
Simulation,Excalibur Publishing,1.5
Sports,Psyonix Studios,9.2
Sports,Destineer,8.6
Sports,Konami Digital Entertainment,8.166666666666666
Sports,Sony Interactive Entertainment,8.1
Sports,EA Sports BIG,8.022222222222222
Sports,Sony Computer Entertainment America,7.85
Sports,Activision,7.827500000000001
Sports,EA Sports,7.8187192118226605
Sports,Mindscape,7.6
Sports,Midway Games,7.594736842105264
Sports,Sega,7.483636363636364
Sports,Rockstar Games,7.449999999999999
Sports,Electronic Arts,7.442105263157895
Sports,Nokia,7.433333333333334
Sports,2K Sports,7.4324324324324325
Sports,Sony Computer Entertainment,7.41764705882353
Sports,Microsoft Game Studios,7.4
Sports,Nintendo,7.332142857142857
Sports,Atlus,7.25
Sports,Eidos Interactive,7.15
Sports,Namco Bandai,7.1
Sports,Gameloft,7.0
Sports,Tommo,7.0
Sports,Crave Entertainment,6.9
Sports,Acclaim Entertainment,6.894736842105263
Sports,Konami,6.8422222222222215
Sports,Mattel Interactive,6.65
Sports,Codemasters,6.6
Sports,Microsoft Studios,6.6
Sports,PixelStorm,6.6
Sports,Tecmo,6.6
Sports,SouthPeak Interactive,6.45
Sports,Psygnosis,6.4
Sports,505 Games,6.188888888888888
Sports,THQ,6.109090909090909
Sports,2K Games,6.1000000000000005
Sports,3DO,6.0
Sports,Natsume,5.9
Sports,Ubisoft,5.8
Sports,Skyworks Interactive,5.5
Sports,Atari,5.4799999999999995
Sports,Take-Two Interactive,5.2
Sports,Majesco,5.15
Sports,DK Games,5.0
Sports,Focus Home Interactive,5.0
Sports,Agetec,4.9
Sports,Aksys Games,4.7
Sports,Hudson Soft,4.15
Sports,Virtual Toys,4.0
Sports,Enjoy Gaming,3.0
Sports,Home Entertainment Suppliers,3.0
Sports,Hudson Entertainment,3.0
Sports,DSI Games,2.7
Sports,The Code Monkeys,2.0
Sports,Ignition Entertainment,1.4
Strategy,Stardock,9.15
Strategy,Virgin Interactive,9.15
Strategy,Microprose,9.1
Strategy,Blizzard Entertainment,9.088888888888889
Strategy,Nayantara Studios,8.8
Strategy,PopCap Games,8.725
Strategy,Infogrames,8.6
Strategy,Matrix Games,8.6
Strategy,Gathering of Developers,8.58
Strategy,2K Games,8.554545454545455
Strategy,Pelfast,8.5
Strategy,W!Games,8.5
Strategy,Xseed Games,8.5
Strategy,Westwood Studios,8.433333333333334
Strategy,Hasbro Interactive,8.4
Strategy,Nintendo,8.336842105263159
Strategy,Daedalic Entertainment,8.3
Strategy,Hidden Path Entertainment,8.25
Strategy,Ronimo Games,8.25
Strategy,Encore,8.2
Strategy,LDW,8.2
Strategy,Sega,8.027777777777779
Strategy,Introversion,8.0
Strategy,Puppy Games,8.0
Strategy,Electronic Arts,7.977777777777778
Strategy,LucasArts,7.933333333333334
Strategy,Team17 Software,7.9
Strategy,DTMC,7.8
Strategy,Sony Computer Entertainment,7.7875
Strategy,Microsoft,7.7333333333333325
Strategy,Eidos Interactive,7.7
Strategy,Sony Online Entertainment,7.7
Strategy,Working Designs,7.7
Strategy,THQ,7.6909090909090905
Strategy,Aspyr,7.633333333333333
Strategy,Wizards of the Coast,7.625
Strategy,1C Company,7.6
Strategy,Kemco,7.6
Strategy,NIS America,7.566666666666666
Strategy,Microsoft Game Studios,7.55
Strategy,Nokia,7.55
Strategy,Acclaim Entertainment,7.5
Strategy,Big Sandwich Games,7.5
Strategy,Lighthouse Interactive,7.5
Strategy,Mindscape,7.5
Strategy,Sierra Online,7.5
Strategy,Sierra Entertainment,7.475
Strategy,Nemesys,7.45
Strategy,Head Games,7.4
Strategy,Kalypso,7.38
Strategy,Coffee Stain Publishing,7.3
Strategy,Ubisoft,7.293333333333334
Strategy,Paradox Interactive,7.277777777777778
Strategy,SSI,7.266666666666667
Strategy,Capcom,7.25
Strategy,Square Enix,7.140000000000001
Strategy,Konami,7.1000000000000005
Strategy,NinjaBee,7.1
Strategy,Crave Entertainment,7.05
Strategy,Activision,7.044444444444444
Strategy,Independent,7.0
Strategy,Microsoft Studios,7.0
Strategy,Atlus,6.959999999999999
Strategy,Take-Two Interactive,6.95
Strategy,Strategy First,6.949999999999999
Strategy,Atari,6.933333333333334
Strategy,Aksys Games,6.8999999999999995
Strategy,Bethesda Softworks,6.85
Strategy,VU Games,6.85
Strategy,KOEI,6.8
Strategy,Metro 3D,6.8
Strategy,O~3 Entertainment,6.8
Strategy,XGenStudios,6.6
Strategy,Rising Star,6.5
Strategy,Viva Media,6.5
Strategy,eGames,6.5
Strategy,Jaleco,6.433333333333334
Strategy,3DO,6.1
Strategy,Big Fish Games,6.0
Strategy,Complete-IT,6.0
Strategy,Maxis,6.0
Strategy,Midas Interactive Entertainment,5.9
Strategy,Natsume,5.55
Strategy,Focus Home Interactive,5.45
Strategy,Global Star Software,5.414285714285714
Strategy,Fishtank Interactive,5.4
Strategy,TalonSoft,5.4
Strategy,Frima Studio,5.2
Strategy,DreamCatcher Interactive,5.199999999999999
Strategy,Warner Bros. Interactive,5.0
Strategy,Gamecock,4.3
Strategy,SouthPeak Interactive,4.1
Strategy,Agetec,4.0
Strategy,Anarchy Enterprises,4.0
Strategy,Codemasters,4.0
Strategy,Meridian4,4.0
Strategy,Enlight,3.5
Strategy,JoWood Productions,3.0
Strategy,Majesco,2.5
Strategy,ValuSoft,2.5
Visual Novel,Aksys Games,9.0
Visual Novel,Mixedbag Srl,8.0
