genre,publisher,percentage_of_total_sales
Action,Rockstar Games,14.959149671682749
Action,Ubisoft,10.550699845864628
Action,Activision,8.660982367982607
Action,THQ,5.495416031860582
Action,LucasArts,5.297623820597118
Action,Warner Bros. Interactive Entertainment,4.2890617343347675
Action,Electronic Arts,3.8498204723848213
Action,Eidos Interactive,3.736669072247614
Action,Capcom,3.619953848484039
Action,Disney Interactive Studios,3.112108981726494
Action,Sony Computer Entertainment,3.0194495674409074
Action,Atari,2.5124956565899548
Action,Warner Bros. Interactive,2.486657935298782
Action,Konami,2.132057484475093
Action,Sega,1.9877226276071593
Action,Square Enix,1.6322312208768786
Action,Tecmo Koei,1.399691729256319
Action,KOEI,1.1145858391468204
Action,D3 Publisher,1.0682561320040271
Action,Namco Bandai,1.0335088516469317
Action,Konami Digital Entertainment,0.9435223050811214
Action,Deep Silver,0.8954106861251436
Action,Midway Games,0.8856101711526296
Action,Nintendo,0.7902778891472659
Action,Bethesda Softworks,0.6664350181309526
Action,GT Interactive,0.5791213392849187
Action,Namco Bandai Games,0.5791213392849187
Action,Hasbro Interactive,0.4980443517850301
Action,3DO,0.49715339587843793
Action,Namco,0.4837890572795551
Action,Take-Two Interactive,0.4205311879115102
Action,Buena Vista,0.38400199574123073
Action,2K Games,0.3750924366753089
Action,Majesco,0.3652919217027949
Action,Sierra Entertainment,0.34212706813139815
Action,Bandai,0.326980817719331
Action,Vivendi Games,0.32608986181273886
Action,VU Games,0.29579736098860465
Action,2K Play,0.25303147747217986
Action,Gearbox Software,0.23788522706011278
Action,989 Studios,0.23432140343374402
Action,Xseed Games,0.22095706483486133
Action,Universal Interactive,0.2156113293953082
Action,Mattel Interactive,0.20491985851620198
Action,Ultra Games,0.1986831671700567
Action,505 Games,0.1799730931316209
Action,Microsoft Studios,0.17106353406569907
Action,Microsoft Game Studios,0.15769919546681632
Action,Black Label Games,0.1541353718404476
Action,20th Century Fox Video Games,0.15324441593385543
Action,Parker Bros.,0.14700772458771016
Action,Acclaim Entertainment,0.14166198914815706
Action,Atlus,0.13988007733497268
Action,Ocean,0.13631625370860392
Action,BAM! Entertainment,0.1336433859888274
Action,2K Sports,0.13097051826905085
Action,Tecmo,0.12918860645586647
Action,Virgin Interactive,0.1282976505492743
Action,Hudson Soft,0.12651573873608993
Action,Tigervision,0.12651573873608993
Action,Codemasters,0.11582426785698376
Action,Conspiracy Entertainment,0.11493331195039157
Action,Coleco,0.11226044423061501
Action,TDK Mediactive,0.10335088516469321
Action,Trion Worlds,0.10335088516469318
Action,Ignition Entertainment,0.10245992925810102
Action,Microsoft,0.09265941428558701
Action,Little Orbit,0.08820463475262609
Action,Square,0.08820463475262609
Action,Gathering of Developers,0.08642272293944171
Action,Interplay,0.08553176703284954
Action,SouthPeak Interactive,0.07929507568670426
Action,Psygnosis,0.07751316387351989
Action,Koei Tecmo,0.07662220796692772
Action,Agetec,0.07484029615374335
Action,Mystique,0.07305838434055897
Action,Kemco,0.07127647252737462
Action,Level 5,0.07038551662078243
Action,Banpresto,0.06949456071419025
Action,Men-A-Vision,0.06860360480759807
Action,Gun Media,0.0668216929944137
Action,Spike,0.06325786936804498
Action,Crave Entertainment,0.06325786936804496
Action,Data Age,0.06325786936804496
Action,Blizzard Entertainment,0.060585001648268424
Action,Focus Home Interactive,0.05969404574167625
Action,NIS America,0.05702117802189969
Action,Sony Interactive Entertainment,0.05434831030212314
Action,THQ Nordic,0.05256639848893877
Action,Bandai Namco Games,0.05167544258234659
Action,Red Mile Entertainment,0.050784486675754414
Action,Takara Tomy,0.050784486675754414
Action,Paramount Digital Entertainment,0.04989353076916223
Action,Titus,0.049893530769162225
Action,Aksys Games,0.04900257486257006
Action,CPG Products,0.04811161895597787
Action,Sold Out,0.047220663049385686
Action,Spike Chunsoft,0.047220663049385686
Action,Answer Software,0.04454779532960913
Action,Fox Interactive,0.04365683942301695
Action,Telltale Games,0.04365683942301695
Action,Playlogic Game Factory,0.041874927609832586
Action,Infogrames,0.04009301579664822
Action,Nippon Columbia,0.04009301579664822
Action,Destineer,0.03831110398346386
Action,Nicalis,0.03831110398346386
Action,"Destination Software, Inc",0.037420148076871676
Action,City Interactive,0.036529192170279494
Action,Marvelous Interactive,0.03563823626368731
Action,Taito,0.03474728035709512
Action,Game Factory,0.03296536854391076
Action,Imagic,0.03296536854391076
Action,UFO Interactive,0.03296536854391076
Action,10TACLE Studios,0.032074412637318576
Action,Idea Factory International,0.032074412637318576
Action,Scholastic Inc.,0.032074412637318576
Action,FuRyu Corporation,0.031183456730726398
Action,CokeM Interactive,0.03118345673072639
Action,Insomniac Games,0.03118345673072639
Action,ITT Family Games,0.030292500824134212
Action,CBS Electronics,0.027619633104357666
Action,D3Publisher,0.027619633104357666
Action,Maximum Games,0.02672867719776548
Action,PQube,0.02672867719776548
Action,DreamCatcher Interactive,0.025837721291173295
Action,Kadokawa Games,0.025837721291173295
Action,ASC Games,0.024946765384581116
Action,Hamster Corporation,0.024946765384581116
Action,Acquire,0.024055809477988934
Action,GameMill,0.024055809477988934
Action,GameMill Entertainment,0.024055809477988934
Action,GameTrust,0.024055809477988934
Action,Hip Interactive,0.024055809477988934
Action,Idea Factory,0.024055809477988934
Action,Gotham Games,0.023164853571396752
Action,Knowledge Adventure,0.022273897664804566
Action,Nordic Games,0.021382941758212388
Action,Merge Games,0.021382941758212384
Action,Bandai Namco Entertainment,0.020491985851620202
Action,Bomb,0.019601029945028017
Action,Brash Entertainment,0.019601029945028017
Action,NewKidCo,0.019601029945028017
Action,Thomas Happ Games,0.019601029945028017
Action,Tomy Corporation,0.019601029945028017
Action,AQ Interactive,0.018710074038435838
Action,Marvelous Entertainment,0.018710074038435838
Action,Rising Star Games,0.018710074038435838
Action,TDK Core,0.01692816222525147
Action,Victory Lap Games,0.01692816222525147
Action,Sound Source Interactive,0.016037206318659288
Action,Avalon Interactive,0.015146250412067106
Action,Jaleco,0.015146250412067106
Action,O-Games,0.014255294505474922
Action,Outright Games,0.014255294505474922
Action,Vir2L Studios,0.014255294505474922
Action,Nihon Falcom Corp,0.012473382692290558
Action,Rocket Company,0.011582426785698376
Action,Alchemist,0.010691470879106192
Action,Ready at Dawn,0.010691470879106192
Action,Sammy Corporation,0.010691470879106192
Action,Takara,0.010691470879106192
Action,Aspyr,0.009800514972514008
Action,Broccoli,0.009800514972514008
Action,Gamecock,0.009800514972514008
Action,Global Star Software,0.009800514972514008
Action,Nippon Ichi Software,0.009800514972514008
Action,Games Workshop,0.008909559065921828
Action,Groove Games,0.008909559065921828
Action,U.S. Gold,0.008909559065921828
Action,Kadokawa Shoten,0.008018603159329646
Action,Kaga Create,0.008018603159329644
Action,Midas Interactive Entertainment,0.008018603159329644
Action,Mumbo Jumbo,0.008018603159329644
Action,Wired Productions,0.008018603159329644
Action,5pb,0.007127647252737461
Action,Kalypso Media,0.007127647252737461
Action,Storm City Games,0.007127647252737461
Action,Arc System Works,0.006236691346145279
Action,Big Fish Games,0.006236691346145279
Action,DSI Games,0.006236691346145279
Action,Enix,0.006236691346145279
Action,Evolution Games,0.006236691346145279
Action,Irem Software Engineering,0.006236691346145279
Action,Sunrise Interactive,0.006236691346145279
Action,Falcom Corporation,0.005345735439553096
Action,MTO,0.005345735439553096
Action,Marvel Entertainment,0.005345735439553096
Action,Marvelous,0.005345735439553096
Action,Nighthawk Interactive,0.005345735439553096
Action,Zoo Games,0.005345735439553096
Action,Perp Games,0.004454779532960914
Action,Phantom 8 Studio,0.004454779532960914
Action,Russel,0.004454779532960914
Action,Stainless Games,0.004454779532960914
Action,Vatical Entertainment,0.004454779532960914
Action,11 bit studios,0.0035638236263687306
Action,Avanquest Software,0.0035638236263687306
Action,ChunSoft,0.0035638236263687306
Action,Dramatic Create,0.0035638236263687306
Action,IE Institute,0.0035638236263687306
Action,Legacy Interactive,0.0035638236263687306
Action,Neocore Games,0.0035638236263687306
Action,Red Storm Entertainment,0.0035638236263687306
Action,Soedesco,0.0035638236263687306
Action,Villa Gorilla,0.0035638236263687306
Action,Aquaplus,0.002672867719776548
Action,Berkeley,0.002672867719776548
Action,Empire Interactive,0.002672867719776548
Action,Encore,0.002672867719776548
Action,Oxygen Interactive,0.002672867719776548
Action,Yacht Club Games,0.002672867719776548
Action,Alawar Entertainment,0.0017819118131843653
Action,Asgard,0.0017819118131843653
Action,Avanquest,0.0017819118131843653
Action,Blast! Entertainment Ltd,0.0017819118131843653
Action,Compile Heart,0.0017819118131843653
Action,Epic Games,0.0017819118131843653
Action,Essential Games,0.0017819118131843653
Action,Experience Inc.,0.0017819118131843653
Action,From Software,0.0017819118131843653
Action,Hoplite Research,0.0017819118131843653
Action,Neko Entertainment,0.0017819118131843653
Action,Piacci,0.0017819118131843653
Action,Red Flagship,0.0017819118131843653
Action,SystemSoft Alpha,0.0017819118131843653
Action,XS Games,0.0017819118131843653
Action,Focus Multimedia,0.0008909559065921826
Action,GungHo,0.0008909559065921826
Action,HuneX,0.0008909559065921826
Action,Interchannel,0.0008909559065921826
Action,Kalypso,0.0008909559065921826
Action,M2,0.0008909559065921826
Action,Prototype,0.0008909559065921826
Action,Quinrose,0.0008909559065921826
Action,Silky`s,0.0008909559065921826
Action,Success,0.0008909559065921826
Action,Team17 Software,0.0008909559065921826
Action,Yeti,0.0008909559065921826
Action,honeybee,0.0008909559065921826
Action,1C Maddox Games,0.0
Action,Alternative Software,0.0
Action,DMM Games,0.0
Action,Digital Works Entertainment,0.0
Action,Dovetail Games,0.0
Action,Eidos Interactive Ltd,0.0
Action,Futurlab 1,0.0
Action,Game Factory Interactive,0.0
Action,Happinet,0.0
Action,Headup Games,0.0
Action,King Games,0.0
Action,Metro 3D,0.0
Action,Noviy Disk,0.0
Action,Rondomedia,0.0
Action,SNK Playmore,0.0
Action,United Developers,0.0
Action,Views,0.0
Action,Virgin Play,0.0
Action,Zushi Games,0.0
Action-Adventure,Ubisoft,31.032857527605707
Action-Adventure,Warner Bros. Interactive Entertainment,17.45892809049286
Action-Adventure,Rockstar Games,13.270939940748722
Action-Adventure,Square Enix,7.769997306760032
Action-Adventure,Activision,5.332615136008618
Action-Adventure,Disney Interactive Studios,3.555076757339079
Action-Adventure,Microsoft Studios,2.942364664691624
Action-Adventure,2K Games,2.679773767842715
Action-Adventure,Konami Digital Entertainment,2.1545919741448962
Action-Adventure,Sony Interactive Entertainment,2.1209264745488823
Action-Adventure,Nintendo,1.7169404793967145
Action-Adventure,Hello Games,1.5216805817398327
Action-Adventure,THQ,1.2119579854565041
Action-Adventure,Namco Bandai Games,1.1648262860220846
Action-Adventure,Sony Computer Entertainment,1.00996498788042
Action-Adventure,Capcom,0.6598437920818745
Action-Adventure,Little Orbit,0.6598437920818745
Action-Adventure,Sega,0.6329113924050633
Action-Adventure,505 Games,0.5588472932938325
Action-Adventure,Microsoft Game Studios,0.47805009426339884
Action-Adventure,Warner Bros. Interactive,0.2760570966873148
Action-Adventure,Maximum Games,0.25585779692970645
Action-Adventure,D3Publisher,0.22892539725289526
Action-Adventure,Nordic Games,0.21545919741448963
Action-Adventure,Gearbox Software,0.201992997576084
Action-Adventure,NIS America,0.19525989765688123
Action-Adventure,Atlus,0.13466199838405601
Action-Adventure,THQ Nordic,0.12792889846485322
Action-Adventure,Microids,0.06733099919202801
Action-Adventure,Outright Games,0.0605978992728252
Action-Adventure,Acquire,0.05386479935362241
Action-Adventure,Studio Wildcard,0.05386479935362241
Action-Adventure,FuRyu Corporation,0.0403985995152168
Action-Adventure,Modus Games,0.033665499596014004
Action-Adventure,FDG Entertainment,0.026932399676811204
Action-Adventure,Bandai Namco Games,0.0201992997576084
Action-Adventure,Soedesco,0.0201992997576084
Action-Adventure,Spike Chunsoft,0.0201992997576084
Action-Adventure,GungHo Online Entertainment,0.013466199838405602
Action-Adventure,Sony Computer Entertainment Europe,0.013466199838405602
Action-Adventure,Wired Productions,0.006733099919202801
Adventure,THQ,9.66022856790808
Adventure,Ubisoft,8.14465699411638
Adventure,Warner Bros. Interactive,7.630225179435049
Adventure,Electronic Arts,6.512029079259466
Adventure,LucasArts,5.895943073653083
Adventure,Eidos Interactive,5.5262914702892525
Adventure,Disney Interactive Studios,4.974894495271539
Adventure,Rockstar Games,4.851677294150263
Adventure,Nintendo,4.303360749160583
Adventure,Sega,3.6687921633860086
Adventure,Konami,3.63798786310569
Adventure,Sony Computer Entertainment,3.0958321781720732
Adventure,Capcom,2.5752395034346796
Adventure,Activision,1.7681668360903184
Adventure,Telltale Games,1.5710193142962756
Adventure,Buena Vista,1.453962973231063
Adventure,Square Enix,1.339987062193882
Adventure,Mojang,1.170563410652127
Adventure,Sierra Entertainment,1.1181961001755845
Adventure,Namco Bandai,0.7577857868958506
Adventure,Idea Factory,0.7331423466715953
Adventure,VU Games,0.7084989064473401
Adventure,Alchemist,0.6499707359147336
Adventure,Atari,0.5976034254381911
Adventure,Majesco,0.5698795551859039
Adventure,ChunSoft,0.5144318146813296
Adventure,Codemasters,0.4682253642608508
Adventure,Focus Home Interactive,0.3973754736161168
Adventure,Aksys Games,0.3942950435880849
Adventure,Kadokawa Shoten,0.391214613560053
Adventure,Scholastic Inc.,0.38197332347595725
Adventure,NIS America,0.3758124634198934
Adventure,Global Star Software,0.36349074330776576
Adventure,5pb,0.30804300280319136
Adventure,Deep Silver,0.29880171271909556
Adventure,Midway Games,0.2957212826910637
Adventure,Interplay,0.283399562578936
Adventure,BAM! Entertainment,0.27415827249484026
Adventure,D3 Publisher,0.26799741243877645
Adventure,Atlus,0.249514832270585
Adventure,Hudson Soft,0.24643440224255309
Adventure,Acclaim Entertainment,0.24335397221452115
Adventure,Namco Bandai Games,0.24027354218648925
Adventure,DreamCatcher Interactive,0.2310322521023935
Adventure,Sony Interactive Entertainment,0.22487139204632967
Adventure,Warner Bros. Interactive Entertainment,0.2187105319902658
Adventure,Prototype,0.21563010196223392
Adventure,2K Games,0.21254967193420202
Adventure,The Adventure Company,0.2063888118781382
Adventure,Navarre Corp,0.20330838185010627
Adventure,Banpresto,0.19714752179404246
Adventure,Xseed Games,0.19714752179404246
Adventure,Crave Entertainment,0.19098666173797862
Adventure,Game Factory,0.19098666173797862
Adventure,GameMill,0.1848258016819148
Adventure,KOEI,0.1848258016819148
Adventure,Bandai,0.17866494162585095
Adventure,City Interactive,0.17250408156978717
Adventure,ASCII Entertainment,0.16326279148569142
Adventure,Aquaplus,0.16326279148569142
Adventure,2K Play,0.15710193142962758
Adventure,NEC Interchannel,0.15710193142962758
Adventure,Take-Two Interactive,0.15710193142962758
Adventure,Zoo Games,0.15710193142962758
Adventure,Marvelous Interactive,0.1355389212334042
Adventure,Knowledge Adventure,0.13245849120537226
Adventure,Fox Interactive,0.12937806117734035
Adventure,Hip Interactive,0.12937806117734035
Adventure,Natsume,0.12629763114930848
Adventure,Infogrames,0.12629763114930845
Adventure,Gearbox Software,0.12321720112127654
Adventure,Imagineer,0.12321720112127654
Adventure,PQube,0.1170563410652127
Adventure,Square,0.1170563410652127
Adventure,Destineer,0.1139759110371808
Adventure,Elf,0.11089548100914888
Adventure,3DO,0.10781505098111697
Adventure,Agetec,0.10781505098111697
Adventure,505 Games,0.10781505098111696
Adventure,PopCap Games,0.10781505098111696
Adventure,Pioneer LDC,0.10165419092505314
Adventure,Psygnosis,0.10165419092505314
Adventure,Microsoft,0.09857376089702123
Adventure,Mattel Interactive,0.09549333086898933
Adventure,Kokopeli Digital Studios,0.09549333086898931
Adventure,SouthPeak Interactive,0.09549333086898931
Adventure,Tecmo,0.0924129008409574
Adventure,Broccoli,0.08933247081292549
Adventure,Grey Box,0.08933247081292547
Adventure,Spike,0.08933247081292547
Adventure,Conspiracy Entertainment,0.08625204078489358
Adventure,DSI Games,0.08625204078489358
Adventure,Asylum Entertainment,0.08009118072882974
Adventure,Dramatic Create,0.08009118072882974
Adventure,NewKidCo,0.08009118072882974
Adventure,Bethesda Softworks,0.07701075070079784
Adventure,Enterbrain,0.07701075070079784
Adventure,Ignition Entertainment,0.07393032067276592
Adventure,Yeti,0.0677694606167021
Adventure,ASCII Media Works,0.06468903058867018
Adventure,Kalypso,0.06468903058867018
Adventure,Merscom LLC,0.06160860056063827
Adventure,Mumbo Jumbo,0.06160860056063827
Adventure,Nippon Ichi Software,0.06160860056063827
Adventure,GameMill Entertainment,0.05852817053260635
Adventure,Happinet,0.05852817053260635
Adventure,CyberFront,0.05544774050457444
Adventure,FuRyu Corporation,0.05544774050457444
Adventure,LEGO Media,0.05544774050457444
Adventure,Microsoft Studios,0.05236731047654253
Adventure,Quinrose,0.05236731047654253
Adventure,Sony Computer Entertainment America,0.05236731047654253
Adventure,Tecmo Koei,0.05236731047654253
Adventure,Vatical Entertainment,0.05236731047654253
Adventure,Asgard,0.052367310476542514
Adventure,Level 5,0.049286880448510616
Adventure,Zoo Digital Publishing,0.049286880448510616
Adventure,Acquire,0.046206450420478704
Adventure,Mindscape,0.0462064504204787
Adventure,THQ Nordic,0.0462064504204787
Adventure,Imadio,0.04312602039244679
Adventure,Little Orbit,0.04312602039244679
Adventure,Maximum Games,0.04312602039244679
Adventure,Media Factory,0.04312602039244679
Adventure,NEC,0.04312602039244679
Adventure,Sunsoft,0.04312602039244679
Adventure,Arc System Works,0.04004559036441487
Adventure,Bandai Namco Games,0.04004559036441487
Adventure,Entergram,0.04004559036441487
Adventure,Unfinished Pixel,0.04004559036441487
Adventure,XS Games,0.04004559036441487
Adventure,Aqua Plus,0.03696516033638296
Adventure,Bigben Interactive,0.03696516033638296
Adventure,DTP Entertainment,0.03696516033638296
Adventure,Human Entertainment,0.03696516033638296
Adventure,Namco,0.03696516033638296
Adventure,TDK Mediactive,0.03696516033638296
Adventure,TGL,0.03696516033638296
Adventure,Comfort,0.03388473030835105
Adventure,Data East,0.03388473030835105
Adventure,GSP,0.03388473030835105
Adventure,Gainax Network Systems,0.03388473030835105
Adventure,GameTrust,0.03388473030835105
Adventure,SNK Playmore,0.03388473030835105
Adventure,Shogakukan,0.03388473030835105
Adventure,Empire Interactive,0.030804300280319136
Adventure,GN Software,0.030804300280319136
Adventure,Hudson Entertainment,0.030804300280319136
Adventure,Interchannel,0.030804300280319136
Adventure,Viva Media,0.030804300280319136
Adventure,Nordic Games,0.027723870252287224
Adventure,D3Publisher,0.02772387025228722
Adventure,Outright Games,0.02772387025228722
Adventure,Playlogic Game Factory,0.02772387025228722
Adventure,Princess Soft,0.02772387025228722
Adventure,Badland Games,0.024643440224255308
Adventure,KID,0.024643440224255308
Adventure,Legacy Interactive,0.024643440224255308
Adventure,Reef Entertainment,0.024643440224255308
Adventure,Aria,0.021563010196223396
Adventure,Aspyr,0.021563010196223396
Adventure,Athena,0.021563010196223396
Adventure,Kemco,0.021563010196223396
Adventure,Mastiff,0.021563010196223396
Adventure,Microids,0.021563010196223396
Adventure,Sammy Corporation,0.021563010196223396
Adventure,Unbalance,0.021563010196223396
Adventure,Warp,0.021563010196223396
Adventure,Compile Heart,0.01848258016819148
Adventure,Crimson Cow,0.01848258016819148
Adventure,Fortyfive,0.01848258016819148
Adventure,Gamecock,0.01848258016819148
Adventure,Kalypso Media,0.01848258016819148
Adventure,Media Works,0.01848258016819148
Adventure,Success,0.01848258016819148
Adventure,Sweets,0.01848258016819148
Adventure,Wired Productions,0.01848258016819148
Adventure,Yumedia,0.01848258016819148
Adventure,Anuman,0.015402150140159568
Adventure,Blast! Entertainment Ltd,0.015402150140159568
Adventure,Klei Entertainment,0.015402150140159568
Adventure,Licensed 4U,0.015402150140159568
Adventure,O-Games,0.015402150140159568
Adventure,Pack-In-Video,0.015402150140159568
Adventure,Russel,0.015402150140159568
Adventure,Snail Games USA,0.015402150140159568
Adventure,Tequila Works,0.015402150140159568
Adventure,Asmik Ace Entertainment,0.012321720112127654
Adventure,"Destination Software, Inc",0.012321720112127654
Adventure,Experience Inc.,0.012321720112127654
Adventure,GungHo,0.012321720112127654
Adventure,Her Interactive,0.012321720112127654
Adventure,Kadokawa Games,0.012321720112127654
Adventure,Kids Station,0.012321720112127654
Adventure,Societa,0.012321720112127654
Adventure,System Soft,0.012321720112127654
Adventure,ValuSoft,0.012321720112127654
Adventure,honeybee,0.012321720112127654
Adventure,Big Fish Games,0.00924129008409574
Adventure,BushiRoad,0.00924129008409574
Adventure,Creative Core,0.00924129008409574
Adventure,Daedalic Entertainment,0.00924129008409574
Adventure,Datam Polystar,0.00924129008409574
Adventure,Focus Multimedia,0.00924129008409574
Adventure,Fuji,0.00924129008409574
Adventure,Headup Games,0.00924129008409574
Adventure,HuneX,0.00924129008409574
Adventure,Kaga Create,0.00924129008409574
Adventure,Karin Entertainment,0.00924129008409574
Adventure,Mamba Games,0.00924129008409574
Adventure,Mastertronic,0.00924129008409574
Adventure,Minato Station,0.00924129008409574
Adventure,Nippon Columbia,0.00924129008409574
Adventure,Paradox Interactive,0.00924129008409574
Adventure,Perpetual,0.00924129008409574
Adventure,RED Entertainment,0.00924129008409574
Adventure,Rising Star Games,0.00924129008409574
Adventure,Rocket Company,0.00924129008409574
Adventure,Rondomedia,0.00924129008409574
Adventure,Storm City Games,0.00924129008409574
Adventure,Strategy First,0.00924129008409574
Adventure,Valcon Games,0.00924129008409574
Adventure,Alawar Entertainment,0.006160860056063827
Adventure,Culture Brain,0.006160860056063827
Adventure,Daedalic,0.006160860056063827
Adventure,Encore,0.006160860056063827
Adventure,Enlight,0.006160860056063827
Adventure,EuroVideo Medien,0.006160860056063827
Adventure,Giga,0.006160860056063827
Adventure,Koch Media,0.006160860056063827
Adventure,Piacci,0.006160860056063827
Adventure,Quintet,0.006160860056063827
Adventure,ReadySoft,0.006160860056063827
Adventure,Rejet,0.006160860056063827
Adventure,Revolution (Japan),0.006160860056063827
Adventure,Revolution Software,0.006160860056063827
Adventure,Taito,0.006160860056063827
Adventure,Takuyo,0.006160860056063827
Adventure,Technical Associates Inc,0.006160860056063827
Adventure,Victor Interactive,0.006160860056063827
Adventure,Abel,0.0030804300280319135
Adventure,Assemble Entertainment,0.0030804300280319135
Adventure,Astragon,0.0030804300280319135
Adventure,Avanquest,0.0030804300280319135
Adventure,Avanquest Software,0.0030804300280319135
Adventure,Cave,0.0030804300280319135
Adventure,Compile,0.0030804300280319135
Adventure,Dimple Entertainment,0.0030804300280319135
Adventure,Easy Interactive,0.0030804300280319135
Adventure,Foreign Media Games,0.0030804300280319135
Adventure,Gadget Soft,0.0030804300280319135
Adventure,Got Game Entertainment,0.0030804300280319135
Adventure,Graffiti,0.0030804300280319135
Adventure,Harukaze,0.0030804300280319135
Adventure,Matatabi,0.0030804300280319135
Adventure,Nippon Cultural Broadcasting eXtend,0.0030804300280319135
Adventure,Nobilis,0.0030804300280319135
Adventure,Otomate Idea Factory,0.0030804300280319135
Adventure,Rising Star,0.0030804300280319135
Adventure,SVG Distribution,0.0030804300280319135
Adventure,Simon & Schuster Interactive,0.0030804300280319135
Adventure,Spike Chunsoft,0.0030804300280319135
Adventure,iMel,0.0030804300280319135
Adventure,Adventure Soft,0.0
Adventure,Black Bean Games,0.0
Adventure,El Dia,0.0
Adventure,Elephant Entertainment,0.0
Adventure,GT Interactive,0.0
Adventure,GTE Entertainment,0.0
Adventure,Iceberg Interactive,0.0
Adventure,KING Art Games,0.0
Adventure,Lexicon Entertainment,0.0
Adventure,Lighthouse Interactive,0.0
Adventure,MC2 Entertainment,0.0
Adventure,Mentor Interactive,0.0
Adventure,Petit Reve,0.0
Adventure,Phenomedia,0.0
Adventure,Red Orb,0.0
Adventure,SilverStar,0.0
Adventure,Starfish,0.0
Adventure,SystemSoft Alpha,0.0
Adventure,Takara Tomy,0.0
Adventure,Telegames,0.0
Adventure,The Fullbright Company,0.0
Adventure,Tri Synergy,0.0
Adventure,Virgin Play,0.0
Adventure,Vivendi Games,0.0
Adventure,fonfun,0.0
Board Game,Ubisoft,90.9090909090909
Board Game,D3 Publisher,6.0606060606060606
Board Game,Bandai Namco Games,3.0303030303030303
Education,Warner Bros. Interactive,53.608247422680414
Education,Global Star Software,37.11340206185567
Education,Nintendo,9.278350515463918
Fighting,THQ,21.077565913371
Fighting,Capcom,9.139595103578156
Fighting,Midway Games,6.567796610169492
Fighting,EA Sports,6.105814500941619
Fighting,Namco,5.5790960451977405
Fighting,Warner Bros. Interactive Entertainment,5.187735404896422
Fighting,Acclaim Entertainment,4.643361581920904
Fighting,Namco Bandai,3.298611111111112
Fighting,Bandai,3.1014595103578158
Fighting,Sega,2.8454566854990584
Fighting,Atari,2.748352165725047
Fighting,Sony Computer Entertainment,2.571798493408663
Fighting,Electronic Arts,2.4835216572504706
Fighting,Namco Bandai Games,2.301082862523541
Fighting,Activision,1.4859934086629003
Fighting,Aksys Games,1.2270480225988702
Fighting,2K Sports,1.1122881355932206
Fighting,Tomy Corporation,1.0593220338983051
Fighting,Nintendo,0.9887005649717515
Fighting,SNK,0.9298493408662902
Fighting,Williams Entertainment,0.8445150659133711
Fighting,Ubisoft,0.8356873822975518
Fighting,Atlus,0.8209745762711865
Fighting,Warner Bros. Interactive,0.7944915254237289
Fighting,Arena Entertainment,0.7856638418079096
Fighting,D3 Publisher,0.6915018832391715
Fighting,Tecmo,0.6503060263653484
Fighting,EA Sports BIG,0.6444209039548023
Fighting,Tecmo Koei,0.63265065913371
Fighting,Takara,0.5296610169491526
Fighting,SNK Playmore,0.506120527306968
Fighting,Konami,0.5002354048964218
Fighting,Crave Entertainment,0.4590395480225989
Fighting,Human Entertainment,0.42961393596986824
Fighting,Square Enix,0.4178436911487759
Fighting,Eidos Interactive,0.3737052730696799
Fighting,Takara Tomy,0.3501647834274953
Fighting,Playmates,0.28837099811676087
Fighting,Gotham Games,0.2854284369114878
Fighting,BAM! Entertainment,0.26188794726930326
Fighting,Square,0.2560028248587571
Fighting,Bandai Namco Entertainment,0.24129001883239176
Fighting,Majesco,0.2354048964218456
Fighting,Arc System Works,0.22657721280602638
Fighting,Sammy Corporation,0.20892184557438795
Fighting,Square EA,0.2000941619585688
Fighting,Titus,0.20009416195856874
Fighting,Microsoft Game Studios,0.17655367231638422
Fighting,Agetec,0.17066854990583807
Fighting,NIS America,0.17066854990583805
Fighting,NewKidCo,0.15301318267419964
Fighting,Empire Interactive,0.1383003766478343
Fighting,Ignition Entertainment,0.11475988700564972
Fighting,New,0.1059322033898305
Fighting,Bandai Namco Games,0.0971045197740113
Fighting,505 Games,0.09416195856873824
Fighting,Interplay,0.09121939736346517
Fighting,Universal Interactive,0.09121939736346517
Fighting,Xseed Games,0.08533427495291904
Fighting,VU Games,0.08533427495291902
Fighting,Victory Lap Games,0.07944915254237289
Fighting,SouthPeak Interactive,0.07650659133709982
Fighting,Jaleco,0.07356403013182675
Fighting,Hudson Soft,0.06179378531073447
Fighting,Spike Chunsoft,0.0588512241054614
Fighting,D3Publisher,0.05590866290018833
Fighting,Global Star Software,0.05296610169491525
Fighting,Trigger Apps,0.0500235404896422
Fighting,Time Warner Interactive,0.050023540489642186
Fighting,Ocean,0.04708097928436912
Fighting,989 Studios,0.04413841807909605
Fighting,Marvelous Interactive,0.04119585687382298
Fighting,Banpresto,0.035310734463276844
Fighting,Angel Studios,0.03531073446327684
Fighting,DSI Games,0.03531073446327684
Fighting,JVC,0.03531073446327684
Fighting,Spike,0.03531073446327684
Fighting,Microsoft Studios,0.03236817325800377
Fighting,Asmik Ace Entertainment,0.0294256120527307
Fighting,Natsume,0.0294256120527307
Fighting,TDK Mediactive,0.0294256120527307
Fighting,Game Factory,0.026483050847457626
Fighting,Panasonic Interactive Media,0.026483050847457626
Fighting,KOEI,0.02059792843691149
Fighting,Ecole,0.01765536723163842
Fighting,Grand Prix Games,0.01765536723163842
Fighting,Nicalis,0.01765536723163842
Fighting,Sunsoft,0.01765536723163842
Fighting,Electro Brain,0.01471280602636535
Fighting,PQube,0.01471280602636535
Fighting,Yuke's,0.01471280602636535
Fighting,Playmore,0.01177024482109228
Fighting,Soedesco,0.01177024482109228
Fighting,SouthPeak Games,0.01177024482109228
Fighting,AQ Interactive,0.00882768361581921
Fighting,Broccoli,0.00882768361581921
Fighting,Destineer,0.00882768361581921
Fighting,ESP,0.00882768361581921
Fighting,G.Rev,0.00882768361581921
Fighting,Tryfirst,0.00882768361581921
Fighting,Yeti,0.00882768361581921
Fighting,Mediascape,0.00588512241054614
Fighting,Metro 3D,0.00588512241054614
Fighting,Sunrise Interactive,0.00588512241054614
Fighting,Graffiti,0.00294256120527307
Fighting,"H2 Interactive Co., Ltd.",0.00294256120527307
Fighting,Taito,0.00294256120527307
MMO,Bethesda Softworks,54.7798066595059
MMO,Square Enix,35.5531686358754
MMO,Sony Online Entertainment,7.9484425349087
MMO,Carbine Studios,1.7185821697099892
Music,Ubisoft,66.6280193236715
Music,Activision,6.434782608695652
Music,Microsoft,5.545893719806763
Music,Namco Bandai Games,3.632850241545894
Music,Nintendo,3.227053140096618
Music,Sega,2.9565217391304346
Music,Harmonix Music Systems,2.5507246376811588
Music,Microsoft Game Studios,1.3333333333333335
Music,Atlus,1.2753623188405798
Music,Square Enix,1.1014492753623186
Music,Sony Computer Entertainment,0.6183574879227053
Music,Majesco Entertainment,0.5797101449275363
Music,Disney Interactive Studios,0.5603864734299518
Music,Broccoli,0.5217391304347827
Music,Sony Interactive Entertainment,0.5217391304347827
Music,Nordic Games,0.4830917874396135
Music,GameMill Entertainment,0.34782608695652173
Music,Ravenscourt,0.3285024154589372
Music,Takara Tomy,0.25120772946859904
Music,Kadokawa Games,0.2318840579710145
Music,Sony Computer Entertainment Europe,0.17391304347826086
Music,Marvelous Entertainment,0.15458937198067632
Music,PM Studios,0.11594202898550725
Music,Xseed Games,0.09661835748792272
Music,Level 5,0.07729468599033816
Music,Asgard,0.057971014492753624
Music,Bandai Namco Entertainment,0.057971014492753624
Music,Koch Media,0.057971014492753624
Music,THQ Nordic,0.057971014492753624
Music,imageepoch Inc.,0.01932367149758454
Party,Nintendo,48.309178743961354
Party,Activision,15.619967793880837
Party,Sony Interactive Entertainment,10.466988727858293
Party,Sony Computer Entertainment,8.212560386473431
Party,2K Games,5.958132045088567
Party,Ubisoft,2.898550724637681
Party,Namco Bandai,2.4154589371980677
Party,Warner Bros. Interactive Entertainment,2.0933977455716586
Party,2K Play,1.4492753623188406
Party,Microsoft Game Studios,1.4492753623188406
Party,Planet Entertainment,0.966183574879227
Party,Wired Productions,0.1610305958132045
Party,Joindots,0.0
Platform,Activision,15.94726282602465
Platform,THQ,12.633992548008024
Platform,Sony Computer Entertainment,11.19231871596446
Platform,Sega,7.778733161364289
Platform,Nintendo,6.027515047291488
Platform,Ubisoft,5.259386643737461
Platform,Capcom,4.5485812553740335
Platform,Electronic Arts,4.0040126110633425
Platform,Konami,3.9581541989108633
Platform,Vivendi Games,2.94353683003726
Platform,Universal Interactive,2.3215821152192606
Platform,Disney Interactive Studios,1.7942103754657497
Platform,VU Games,1.5591860131842936
Platform,Atari,1.5190599025508742
Platform,Ultra Games,1.1951848667239897
Platform,Namco,1.0834049871023215
Platform,Midway Games,0.8799082831756951
Platform,TDK Mediactive,0.8770421324161651
Platform,Hudson Soft,0.8283175695041559
Platform,Buena Vista,0.7451991974777874
Platform,2K Play,0.7366007451991976
Platform,GT Interactive,0.7280022929206077
Platform,D3 Publisher,0.7222699914015478
Platform,Coleco,0.6964746345657781
Platform,Sierra Entertainment,0.6764115792490686
Platform,Virgin Interactive,0.5331040412725709
Platform,Warner Bros. Interactive Entertainment,0.48724562912009173
Platform,Warner Bros. Interactive,0.48437947836056183
Platform,Microsoft Game Studios,0.4585841215247923
Platform,Eidos Interactive,0.4499856692462024
Platform,Namco Bandai Games,0.35826884494124395
Platform,GameMill Entertainment,0.34393809114359425
Platform,Sony Interactive Entertainment,0.3410719403840642
Platform,Majesco,0.3382057896245343
Platform,Crystal Dynamics,0.3095442820292348
Platform,Infogrames,0.30667813126970483
Platform,BAM! Entertainment,0.2808827744339353
Platform,Sony Computer Entertainment America,0.2636858698767555
Platform,Hasbro Interactive,0.2608197191172256
Platform,Brash Entertainment,0.2407566638005159
Platform,Microsoft Studios,0.2292920607623961
Platform,Rare,0.2206936084838063
Platform,Gotham Games,0.2178274577242763
Platform,Microsoft,0.20922900544568646
Platform,505 Games,0.17196904557179707
Platform,Acclaim Entertainment,0.17196904557179707
Platform,NewKidCo,0.16910289481226715
Platform,Parker Bros.,0.1547721410146174
Platform,Bandai,0.1461736887360275
Platform,Crave Entertainment,0.12324448265978792
Platform,Global Star Software,0.12037833190025796
Platform,NIS America,0.117512181140728
Platform,Jack of All Games,0.11464603038119807
Platform,Interplay,0.09171682430495845
Platform,Team17 Software,0.0831183720263686
Platform,Outright Games,0.06878761822871884
Platform,Accolade,0.06878761822871883
Platform,Nicalis,0.06592146746918888
Platform,Xseed Games,0.06592146746918888
Platform,Epoch,0.06018916595012898
Platform,Capcom Entertainment,0.05159071367153913
Platform,System 3,0.05159071367153912
Platform,Deep Silver,0.045858412152479225
Platform,Kemco,0.045858412152479225
Platform,Namco Bandai,0.045858412152479225
Platform,Sunsoft,0.045858412152479225
Platform,WayForward Technologies,0.045858412152479225
Platform,Aksys Games,0.040126110633419323
Platform,Codemasters,0.04012611063341932
Platform,3DO,0.037259959873889366
Platform,DSI Games,0.037259959873889366
Platform,UFO Interactive,0.037259959873889366
Platform,Conspiracy Entertainment,0.034393809114359415
Platform,Rockstar Games,0.034393809114359415
Platform,Game Factory,0.028661507595299517
Platform,Soedesco,0.028661507595299517
Platform,Sold Out,0.028661507595299517
Platform,DotEmu,0.02579535683576956
Platform,DreamCatcher Interactive,0.022929206076239612
Platform,Hip Interactive,0.022929206076239612
Platform,Playmates,0.022929206076239612
Platform,THQ Nordic,0.022929206076239612
Platform,Titus,0.022929206076239612
Platform,Asylum Entertainment,0.020063055316709662
Platform,Microids,0.020063055316709662
Platform,Polykid,0.020063055316709662
Platform,LEGO Media,0.017196904557179708
Platform,Maximum Games,0.017196904557179708
Platform,O-Games,0.017196904557179708
Platform,System 3 Arcade Software,0.017196904557179708
Platform,Tecmo,0.017196904557179708
Platform,Bandai Namco Entertainment,0.014330753797649759
Platform,Eidos Interactive Ltd,0.014330753797649759
Platform,Mumbo Jumbo,0.014330753797649759
Platform,Natsume,0.014330753797649759
Platform,U.S. Gold,0.014330753797649759
Platform,Working Designs,0.014330753797649759
Platform,Banpresto,0.011464603038119806
Platform,Cygames,0.011464603038119806
Platform,Encore,0.011464603038119806
Platform,Frozenbyte,0.011464603038119806
Platform,Badland Studio,0.008598452278589854
Platform,FDG Entertainment,0.008598452278589854
Platform,Ignition Entertainment,0.008598452278589854
Platform,Leadman Games,0.008598452278589854
Platform,Mud Duck Productions,0.008598452278589854
Platform,Psygnosis,0.008598452278589854
Platform,Rising Star Games,0.008598452278589854
Platform,Valcon Games,0.008598452278589854
Platform,Agetec,0.005732301519059903
Platform,Atlus,0.005732301519059903
Platform,Nighthawk Interactive,0.005732301519059903
Platform,Rising Star,0.005732301519059903
Platform,Storm City Games,0.005732301519059903
Platform,GameMill,0.0028661507595299516
Platform,Konami Digital Entertainment,0.0028661507595299516
Platform,Merge Games,0.0028661507595299516
Platform,Nippon Ichi Software,0.0028661507595299516
Platform,Nobilis,0.0028661507595299516
Platform,Rain Games,0.0028661507595299516
Platform,Team Meat,0.0028661507595299516
Platform,Blast! Entertainment Ltd,0.0
Platform,Destineer,0.0
Platform,Fox Interactive,0.0
Platform,Idea Factory,0.0
Platform,Metro 3D,0.0
Platform,Oxygen Interactive,0.0
Platform,Telegames,0.0
Platform,Tryfirst,0.0
Puzzle,Nintendo,13.224450963291842
Puzzle,THQ,6.691508760802346
Puzzle,Namco,6.255450725442004
Puzzle,Atari,5.541901213034171
Puzzle,Hudson Soft,4.241655434868786
Puzzle,Majesco,4.154443827796718
Puzzle,Sega,3.908665662411797
Puzzle,Warner Bros. Interactive,3.3061127408229605
Puzzle,Activision,3.163402838341394
Puzzle,Ubisoft,2.7669864425592645
Puzzle,Sony Computer Entertainment,2.6639181796559104
Puzzle,Midway Games,2.4022833584397048
Puzzle,Jaleco,1.9503686672480776
Puzzle,Compile,1.9265836835011496
Puzzle,Disney Interactive Studios,1.7759454531039407
Puzzle,D3 Publisher,1.625307222706731
Puzzle,Banpresto,1.5618805993815905
Puzzle,Hasbro Interactive,1.553952271465948
Puzzle,Atlus,1.3081741060810275
Puzzle,Storm City Games,1.2209624990089591
Puzzle,Zoo Digital Publishing,1.165464203599461
Puzzle,Mumbo Jumbo,1.1099659081899629
Puzzle,PopCap Games,1.07032426861175
Puzzle,Crave Entertainment,1.0544676127804646
Puzzle,Namco Bandai,1.030682629033537
Puzzle,Scholastic Inc.,0.9910409894553239
Puzzle,Eidos Interactive,0.9672560057083961
Puzzle,Warner Bros. Interactive Entertainment,0.9672560057083961
Puzzle,Capcom,0.951399349877111
Puzzle,Empire Interactive,0.951399349877111
Puzzle,Acclaim Entertainment,0.8959010544676129
Puzzle,Broderbund,0.8721160707206851
Puzzle,Konami,0.8324744311424721
Puzzle,Electronic Arts,0.8245461032268295
Puzzle,Destineer,0.776976135732974
Puzzle,Konami Digital Entertainment,0.7611194799016887
Puzzle,Ignition Entertainment,0.6897645286609055
Puzzle,Level 5,0.6897645286609055
Puzzle,Natsume,0.6580512169983351
Puzzle,"Destination Software, Inc",0.5946245936731944
Puzzle,O-Games,0.5470546261793389
Puzzle,UFO Interactive,0.5153413145167685
Puzzle,Mattel Interactive,0.46777134702291284
Puzzle,Parker Bros.,0.45984301910727027
Puzzle,Game Factory,0.41227305161341476
Puzzle,Rooster Teeth Games,0.4043447236977722
Puzzle,Square Enix,0.4043447236977722
Puzzle,Aksys Games,0.31713311662570365
Puzzle,Zoo Games,0.31713311662570365
Puzzle,GameMill,0.2854198049631333
Puzzle,Avanquest,0.2616348212162055
Puzzle,City Interactive,0.2616348212162055
Puzzle,BPS,0.25370649330056294
Puzzle,DreamCatcher Interactive,0.25370649330056294
Puzzle,GungHo Online Entertainment,0.25370649330056294
Puzzle,Namco Bandai Games,0.2457781653849203
Puzzle,Buena Vista,0.23784983746927774
Puzzle,Agetec,0.21406485372234998
Puzzle,Mindscape,0.20613652580670738
Puzzle,Sony Interactive Entertainment,0.1982081978910648
Puzzle,Take-Two Interactive,0.1982081978910648
Puzzle,Deep Silver,0.1823515420597796
Puzzle,GSP,0.17442321414413703
Puzzle,ValuSoft,0.16649488622849443
Puzzle,Sears,0.1664948862284944
Puzzle,Nighthawk Interactive,0.15856655831285182
Puzzle,Hudson Entertainment,0.15063823039720925
Puzzle,Codemasters,0.13478157456592404
Puzzle,DSI Games,0.12685324665028147
Puzzle,PlayV,0.12685324665028147
Puzzle,Conspiracy Entertainment,0.11099659081899628
Puzzle,Focus Home Interactive,0.11099659081899628
Puzzle,Telegames,0.11099659081899628
Puzzle,Psygnosis,0.10306826290335369
Puzzle,Rising Star Games,0.10306826290335369
Puzzle,SouthPeak Interactive,0.10306826290335369
Puzzle,Nippon Columbia,0.09513993498771109
Puzzle,Vatical Entertainment,0.09513993498771109
Puzzle,3DO,0.08721160707206851
Puzzle,Rising Star,0.08721160707206851
Puzzle,Xseed Games,0.08721160707206851
Puzzle,"Genius Products, Inc.",0.07928327915642591
Puzzle,Microsoft Game Studios,0.07928327915642591
Puzzle,Playlogic Game Factory,0.07928327915642591
Puzzle,Taito,0.07928327915642591
Puzzle,NIS America,0.07135495124078332
Puzzle,NewKidCo,0.07135495124078332
Puzzle,Ocean,0.06342662332514074
Puzzle,Sony Online Entertainment,0.06342662332514074
Puzzle,The Adventure Company,0.06342662332514074
Puzzle,iWin,0.06342662332514074
Puzzle,Big Fish Games,0.05549829540949815
Puzzle,Success,0.05549829540949815
Puzzle,HAL Laboratory,0.047569967493855544
Puzzle,505 Games,0.039641639578212956
Puzzle,Blizzard Entertainment,0.039641639578212956
Puzzle,Bold Games,0.039641639578212956
Puzzle,Kemco,0.039641639578212956
Puzzle,Midas Interactive Entertainment,0.039641639578212956
Puzzle,Pow,0.039641639578212956
Puzzle,Tulip Games,0.039641639578212956
Puzzle,Viacom,0.039641639578212956
Puzzle,eGames,0.039641639578212956
Puzzle,Kalypso Media,0.03171331166257037
Puzzle,Microids,0.03171331166257037
Puzzle,Zushi Games,0.03171331166257037
Puzzle,10TACLE Studios,0.023784983746927772
Puzzle,Avanquest Software,0.023784983746927772
Puzzle,CDV Software Entertainment,0.023784983746927772
Puzzle,DTP Entertainment,0.023784983746927772
Puzzle,Viva Media,0.023784983746927772
Puzzle,Bandai Namco Games,0.015856655831285184
Puzzle,Dispatch Games,0.015856655831285184
Puzzle,Funbox Media,0.015856655831285184
Puzzle,Mentor Interactive,0.015856655831285184
Puzzle,Neko Entertainment,0.015856655831285184
Puzzle,O3 Entertainment,0.015856655831285184
Puzzle,Panasonic Interactive Media,0.015856655831285184
Puzzle,Rondomedia,0.015856655831285184
Puzzle,Russel,0.015856655831285184
Puzzle,Secret Stash Games,0.015856655831285184
Puzzle,Soedesco,0.015856655831285184
Puzzle,Sunsoft,0.015856655831285184
Puzzle,Yuke's,0.015856655831285184
Puzzle,7G//AMES,0.007928327915642592
Puzzle,Focus Multimedia,0.007928327915642592
Puzzle,From Software,0.007928327915642592
Puzzle,Genterprise,0.007928327915642592
Puzzle,Happinet,0.007928327915642592
Puzzle,Jack of All Games,0.007928327915642592
Puzzle,Mastiff,0.007928327915642592
Puzzle,AQ Interactive,0.0
Puzzle,Artifex Mundi sp. z o.o.,0.0
Puzzle,D3Publisher,0.0
Puzzle,Enjoy Gaming ltd.,0.0
Puzzle,Foreign Media Games,0.0
Puzzle,Freeze Tag,0.0
Puzzle,FuRyu Corporation,0.0
Puzzle,HdO Adventure,0.0
Puzzle,Mastertronic,0.0
Puzzle,Mercury Games,0.0
Puzzle,PQube,0.0
Puzzle,Rovio Mobile,0.0
Puzzle,Virtual Playground,0.0
Racing,Electronic Arts,25.21307089623543
Racing,Sony Computer Entertainment,8.255302885534112
Racing,THQ,7.313204662717372
Racing,Codemasters,5.59908274412383
Racing,Rockstar Games,4.072233900248424
Racing,Sega,3.9728645136632905
Racing,EA Sports,3.781769539461112
Racing,Activision,3.567743168354673
Racing,Microsoft Game Studios,3.1607108733040326
Racing,Ubisoft,2.940951652971527
Racing,Microsoft Studios,2.7938085228358496
Racing,Acclaim Entertainment,2.780431874641697
Racing,Atari,2.3619338811389263
Racing,VU Games,2.0600038218994845
Racing,Midway Games,1.6873686222052362
Racing,Namco,1.6567934263328876
Racing,Disney Interactive Studios,1.6395948786546914
Racing,Nintendo,1.4255685075482516
Racing,Infogrames,0.9019682782342825
Racing,Crave Entertainment,0.8389069367475636
Racing,Accolade,0.701318555321995
Racing,Deep Silver,0.5216892795719473
Racing,Majesco,0.4968469329256642
Racing,Empire Interactive,0.4643607873112938
Racing,Capcom,0.4567169883432066
Racing,Gotham Games,0.4395184406650105
Racing,Conspiracy Entertainment,0.382189948404357
Racing,Namco Bandai Games,0.3745461494362699
Racing,Bethesda Softworks,0.355436652016052
Racing,Eidos Interactive,0.35352570227403024
Racing,Bandai Namco Games,0.34779285304796487
Racing,Global Star Software,0.33441620485381235
Racing,Namco Bandai,0.31721765717561634
Racing,989 Studios,0.31148480794955097
Racing,EA Sports BIG,0.3057519587234856
Racing,Warner Bros. Interactive,0.27708771259315884
Racing,"Destination Software, Inc",0.2713548633670934
Racing,LEGO Media,0.2560672654309191
Racing,ASC Games,0.25033441620485386
Racing,BAM! Entertainment,0.25033441620485386
Racing,Konami,0.25033441620485386
Racing,Milestone S.r.l.,0.23886871775272311
Racing,ASCII Entertainment,0.23504681826867954
Racing,XS Games,0.2140263711064399
Racing,Sony Interactive Entertainment,0.18918402446015672
Racing,TDK Mediactive,0.18918402446015672
Racing,DSI Games,0.177718326008026
Racing,LucasArts,0.177718326008026
Racing,Valcon Games,0.17007452703993886
Racing,Kemco,0.1681635772979171
Racing,2K Games,0.16243072807185172
Racing,Zoo Games,0.16051977832982994
Racing,Take-Two Interactive,0.15096502961972103
Racing,Warner Bros. Interactive Entertainment,0.1356774316835467
Racing,Zoo Digital Publishing,0.1356774316835467
Racing,GT Interactive,0.13376648194152493
Racing,Gathering of Developers,0.13185553219950313
Racing,Vivendi Games,0.12612268297343782
Racing,Takara,0.11847888400535067
Racing,D3 Publisher,0.11274603477928531
Racing,Hasbro Interactive,0.10701318555321998
Racing,Milestone S.r.l,0.09745843684311103
Racing,Mattel Interactive,0.09554748710108925
Racing,Destineer,0.09363653735906746
Racing,704Games,0.09172558761704568
Racing,Square EA,0.08408178864895854
Racing,TYO,0.08025988916491497
Racing,Sierra Entertainment,0.07834893942289319
Racing,Playmates,0.0764379896808714
Racing,THQ Nordic,0.0764379896808714
Racing,SouthPeak Interactive,0.07452703993884961
Racing,Video System,0.07452703993884961
Racing,Bigben Interactive,0.07261609019682783
Racing,Human Entertainment,0.07261609019682783
Racing,Psygnosis,0.07261609019682783
Racing,Interplay,0.06879419071278425
Racing,Ocean,0.06688324097076247
Racing,Buena Vista,0.0649722912287407
Racing,Square,0.06497229122874068
Racing,Titus,0.06306134148671891
Racing,Big Ben Interactive,0.06115039174469713
Racing,GameMill Entertainment,0.059239442002675335
Racing,Black Bean Games,0.05541754251863176
Racing,Atlus,0.051595643034588204
Racing,Storm City Games,0.051595643034588204
Racing,Milestone,0.04968469329256641
Racing,ValuSoft,0.04968469329256641
Racing,Dusenberry Martin Racing,0.047773743550544624
Racing,City Interactive,0.04395184406650106
Racing,Maximum Games,0.04395184406650105
Racing,Microids,0.04395184406650105
Racing,Vatical Entertainment,0.04204089432447927
Racing,Strategy First,0.040129944582457486
Racing,BPS,0.0382189948404357
Racing,Jaleco,0.0382189948404357
Racing,KOEI,0.0382189948404357
Racing,Koch Media,0.0382189948404357
Racing,Virgin Interactive,0.03439709535639213
Racing,Crystal Dynamics,0.03248614561437035
Racing,GameMill,0.03248614561437035
Racing,Nordic Games,0.030575195872348564
Racing,Focus Home Interactive,0.02866424613032678
Racing,Microsoft,0.02866424613032678
Racing,505 Games,0.026753296388304995
Racing,Evolved Games,0.026753296388304995
Racing,Bandai,0.024842346646283205
Racing,Mindscape,0.024842346646283205
Racing,D3Publisher,0.021020447162239636
Racing,Metro 3D,0.021020447162239636
Racing,System 3 Arcade Software,0.021020447162239636
Racing,Bandai Namco Entertainment,0.01910949742021785
Racing,MTO,0.01910949742021785
Racing,Media Rings,0.01910949742021785
Racing,Encore,0.017198547678196067
Racing,Game Factory,0.017198547678196063
Racing,Takara Tomy,0.017198547678196063
Racing,Telstar,0.015287597936174282
Racing,Detn8 Games,0.013376648194152498
Racing,Excalibur Publishing,0.013376648194152498
Racing,Mud Duck Productions,0.011465698452130711
Racing,Square Enix,0.011465698452130711
Racing,Natsume,0.01146569845213071
Racing,"Orbital Media, Inc.",0.01146569845213071
Racing,PQube,0.01146569845213071
Racing,Blizzard Entertainment,0.009554748710108925
Racing,DreamCatcher Interactive,0.009554748710108925
Racing,Genki,0.009554748710108925
Racing,Ignition Entertainment,0.009554748710108925
Racing,Playlogic Game Factory,0.009554748710108925
Racing,The Learning Company,0.009554748710108925
Racing,Viva Media,0.009554748710108925
Racing,1C Company,0.007643798968087141
Racing,Agetec,0.007643798968087141
Racing,Banpresto,0.007643798968087141
Racing,Perp Games,0.007643798968087141
Racing,Rombax Games,0.007643798968087141
Racing,SCi,0.007643798968087141
Racing,Aksys Games,0.005732849226065355
Racing,Bold Games,0.005732849226065355
Racing,Fox Interactive,0.005732849226065355
Racing,Mumbo Jumbo,0.005732849226065355
Racing,Rising Star Games,0.005732849226065355
Racing,Sunrise Interactive,0.005732849226065355
Racing,U&I Entertainment,0.005732849226065355
Racing,Vir2L Studios,0.005732849226065355
Racing,Xicat Interactive,0.005732849226065355
Racing,Yuke's,0.005732849226065355
Racing,bitComposer Games,0.005732849226065355
Racing,NEC Interchannel,0.0038218994840435705
Racing,Nighthawk Interactive,0.0038218994840435705
Racing,O-Games,0.0038218994840435705
Racing,Unfinished Pixel,0.0038218994840435705
Racing,Bergsala Lightweight,0.0019109497420217853
Racing,Interplay Productions,0.0019109497420217853
Racing,Rocket Company,0.0019109497420217853
Racing,Shin'en,0.0019109497420217853
Racing,10TACLE Studios,0.0
Racing,Aspyr,0.0
Racing,DTP Entertainment,0.0
Racing,Enlight,0.0
Racing,Genterprise,0.0
Racing,Ghostlight,0.0
Racing,Image Space Incorporated,0.0
Racing,Kalypso,0.0
Racing,LSP Games,0.0
Racing,Mercury Games,0.0
Racing,Microforum,0.0
Racing,Midas Interactive Entertainment,0.0
Racing,Tradewest,0.0
Role-Playing,Bethesda Softworks,16.164765346370956
Role-Playing,Square Enix,10.791468858499256
Role-Playing,Electronic Arts,7.477739200264531
Role-Playing,Atlus,4.9953943172961095
Role-Playing,Nintendo,4.277380193202484
Role-Playing,Capcom,3.793193037152507
Role-Playing,Sony Computer Entertainment,3.616051394695199
Role-Playing,Activision,3.190911452797657
Role-Playing,Namco Bandai Games,2.838990056449137
Role-Playing,Microsoft Game Studios,2.815371170788162
Role-Playing,NIS America,2.664210302557925
Role-Playing,Sega,2.607524976971587
Role-Playing,Bandai,2.515411322893786
Role-Playing,Namco Bandai,2.394955006022816
Role-Playing,Konami,2.3760598974940366
Role-Playing,Square,1.9461961784643003
Role-Playing,Xseed Games,1.70528354472236
Role-Playing,Ubisoft,1.6462363305699237
Role-Playing,Take-Two Interactive,1.2706960485604288
Role-Playing,Sony Online Entertainment,0.9990788634592221
Role-Playing,Level 5,0.9636505349677603
Role-Playing,Blizzard Entertainment,0.9116889865136164
Role-Playing,Atari,0.9022414322492265
Role-Playing,LucasArts,0.873898769456057
Role-Playing,Square EA,0.831384775266303
Role-Playing,Enix,0.8266609981341081
Role-Playing,Natsume,0.7935945582087437
Role-Playing,Warner Bros. Interactive,0.7392711211885024
Role-Playing,Agetec,0.5243392616736342
Role-Playing,Deep Silver,0.48654904461607507
Role-Playing,ChunSoft,0.4416731618602235
Role-Playing,Hudson Soft,0.4416731618602235
Role-Playing,SouthPeak Interactive,0.4086067219348591
Role-Playing,Infogrames,0.40388294480266423
Role-Playing,Disney Interactive Studios,0.39679727910437185
Role-Playing,Aksys Games,0.39207350197217694
Role-Playing,THQ,0.3849878362738846
Role-Playing,CDV Software Entertainment,0.35900706204681265
Role-Playing,Interplay,0.344835730650228
Role-Playing,Tecmo Koei,0.34483573065022793
Role-Playing,D3 Publisher,0.34247384208413045
Role-Playing,Namco,0.3235787335553509
Role-Playing,Imagineer,0.3212168449892534
Role-Playing,Focus Home Interactive,0.292874182196084
Role-Playing,VU Games,0.292874182196084
Role-Playing,Working Designs,0.292874182196084
Role-Playing,Banpresto,0.29051229362998654
Role-Playing,Midway Games,0.2598077422707197
Role-Playing,ASCII Entertainment,0.2385507451758426
Role-Playing,Kadokawa Shoten,0.2102080823826732
Role-Playing,Eidos Interactive,0.19367486241999105
Role-Playing,Falcom Corporation,0.18895108528779614
Role-Playing,Microsoft Studios,0.17477975389121142
Role-Playing,Nippon Ichi Software,0.17005597675901651
Role-Playing,Quest,0.16769408819291906
Role-Playing,Compile Heart,0.1606084224946267
Role-Playing,Gust,0.15824653392852928
Role-Playing,Idea Factory International,0.14407520253194456
Role-Playing,Crave Entertainment,0.13935142539974965
Role-Playing,Enterbrain,0.13698953683365223
Role-Playing,Bandai Namco Entertainment,0.13226575970145732
Role-Playing,SquareSoft,0.13226575970145732
Role-Playing,Idea Factory,0.12518009400316496
Role-Playing,Ignition Entertainment,0.11573253973877512
Role-Playing,Acquire,0.11337065117267768
Role-Playing,THQ Nordic,0.11337065117267768
Role-Playing,Crystal Dynamics,0.10392309690828788
Role-Playing,ESP,0.09919931977609296
Role-Playing,KOEI,0.09919931977609296
Role-Playing,Tecmo,0.09447554264389807
Role-Playing,Marvelous Interactive,0.09447554264389806
Role-Playing,Rocket Company,0.08975176551170316
Role-Playing,Microsoft,0.08738987694560571
Role-Playing,Sierra Entertainment,0.0826660998134108
Role-Playing,inXile Entertainment,0.0779423226812159
Role-Playing,Spike,0.07558043411511846
Role-Playing,NEC,0.06849476841682611
Role-Playing,Paradox Interactive,0.06849476841682611
Role-Playing,Angel Studios,0.06849476841682609
Role-Playing,JoWood Productions,0.06377099128463119
Role-Playing,3DO,0.059047214152436286
Role-Playing,FuRyu Corporation,0.059047214152436286
Role-Playing,On Demand,0.04959965988804648
Role-Playing,Seta Corporation,0.04959965988804648
Role-Playing,UFO Interactive,0.04959965988804648
Role-Playing,Mastiff,0.047237771321949035
Role-Playing,Simon & Schuster Interactive,0.047237771321949035
Role-Playing,505 Games,0.04723777132194903
Role-Playing,Epoch,0.04487588275585158
Role-Playing,Gaijinworks,0.04251399418975413
Role-Playing,2K Games,0.040152105623656675
Role-Playing,Bandai Namco Games,0.03779021705755923
Role-Playing,Takara Tomy,0.03779021705755923
Role-Playing,Tomy Corporation,0.03779021705755923
Role-Playing,Game Arts,0.03306643992536433
Role-Playing,Konami Digital Entertainment,0.03306643992536433
Role-Playing,Nihon Falcom Corporation,0.03306643992536432
Role-Playing,Aqua Plus,0.03070455135926687
Role-Playing,NEC Interchannel,0.03070455135926687
Role-Playing,Kalypso Media,0.02834266279316942
Role-Playing,Marvelous Entertainment,0.02834266279316942
Role-Playing,Kadokawa Games,0.02598077422707197
Role-Playing,Majesco,0.02598077422707197
Role-Playing,TOHO,0.02598077422707197
Role-Playing,Image Epoch,0.023618885660974517
Role-Playing,Micro Cabin,0.023618885660974517
Role-Playing,Starfish,0.023618885660974517
Role-Playing,Aquaplus,0.021256997094877064
Role-Playing,Aspyr,0.021256997094877064
Role-Playing,Destineer,0.021256997094877064
Role-Playing,Graffiti,0.021256997094877064
Role-Playing,Metro 3D,0.021256997094877064
Role-Playing,NCSoft,0.021256997094877064
Role-Playing,D3Publisher,0.018895108528779615
Role-Playing,DreamCatcher Interactive,0.018895108528779615
Role-Playing,Flight-Plan,0.018895108528779615
Role-Playing,SNK,0.018895108528779615
Role-Playing,Spike Chunsoft,0.018895108528779615
Role-Playing,Experience Inc.,0.016533219962682165
Role-Playing,Ghostlight,0.016533219962682165
Role-Playing,GungHo,0.016533219962682165
Role-Playing,Locus,0.016533219962682165
Role-Playing,Perfect World Entertainment,0.016533219962682165
Role-Playing,Sold Out,0.016533219962682165
Role-Playing,Xicat Interactive,0.016533219962682165
Role-Playing,Yuke's,0.016533219962682165
Role-Playing,Hudson Entertainment,0.01653321996268216
Role-Playing,ASCII Media Works,0.01417133139658471
Role-Playing,Game Factory,0.01417133139658471
Role-Playing,Rising Star,0.01417133139658471
Role-Playing,Sunrise Interactive,0.01417133139658471
Role-Playing,Wired Productions,0.01417133139658471
Role-Playing,Acttil,0.011809442830487259
Role-Playing,Kemco,0.011809442830487259
Role-Playing,Nordic Games,0.011809442830487259
Role-Playing,Data East,0.009447554264389807
Role-Playing,IGS,0.009447554264389807
Role-Playing,Koei Tecmo,0.009447554264389807
Role-Playing,Merge Games,0.009447554264389807
Role-Playing,Microids,0.009447554264389807
Role-Playing,Red Hook Studios,0.009447554264389807
Role-Playing,Sting,0.009447554264389807
Role-Playing,Success,0.009447554264389807
Role-Playing,Compile,0.007085665698292355
Role-Playing,Culture Brain,0.007085665698292355
Role-Playing,CyberFront,0.007085665698292355
Role-Playing,DTP Entertainment,0.007085665698292355
Role-Playing,"Destination Software, Inc",0.007085665698292355
Role-Playing,Funcom,0.007085665698292355
Role-Playing,Hot-B,0.007085665698292355
Role-Playing,Nexon,0.007085665698292355
Role-Playing,Soedesco,0.007085665698292355
Role-Playing,imageepoch Inc.,0.007085665698292355
Role-Playing,8-4,0.004723777132194904
Role-Playing,ArtDink,0.004723777132194904
Role-Playing,Broccoli,0.004723777132194904
Role-Playing,Global A Entertainment,0.004723777132194904
Role-Playing,Irem Software Engineering,0.004723777132194904
Role-Playing,King Records,0.004723777132194904
Role-Playing,Mindscape,0.004723777132194904
Role-Playing,Obsidian Entertainment,0.004723777132194904
Role-Playing,PQube,0.004723777132194904
Role-Playing,Strategy First,0.004723777132194904
Role-Playing,Takara,0.004723777132194904
Role-Playing,Techland,0.004723777132194904
Role-Playing,Toby Fox,0.004723777132194904
Role-Playing,Turbine Inc.,0.004723777132194904
Role-Playing,ValuSoft,0.004723777132194904
Role-Playing,Arc System Works,0.002361888566097452
Role-Playing,ArenaNet,0.002361888566097452
Role-Playing,Codemasters,0.002361888566097452
Role-Playing,From Software,0.002361888566097452
Role-Playing,Gearbox Software,0.002361888566097452
Role-Playing,Jaleco,0.002361888566097452
Role-Playing,Mediascape,0.002361888566097452
Role-Playing,Michaelsoft,0.002361888566097452
Role-Playing,Rebellion Games,0.002361888566097452
Role-Playing,SNK Playmore,0.002361888566097452
Role-Playing,TopWare Interactive,0.002361888566097452
Role-Playing,1C Company,0.0
Role-Playing,5pb,0.0
Role-Playing,AIA,0.0
Role-Playing,Creative Core,0.0
Role-Playing,Dimple Entertainment,0.0
Role-Playing,Gathering of Developers,0.0
Role-Playing,Hip Interactive,0.0
Role-Playing,Little Orbit,0.0
Role-Playing,Mastertronic,0.0
Role-Playing,Numantian Games,0.0
Role-Playing,Playlogic Game Factory,0.0
Role-Playing,Sirtech,0.0
Role-Playing,System Soft,0.0
Role-Playing,TopWare,0.0
Sandbox,Mojang,100.0
Shooter,Activision,35.53863462852091
Shooter,Electronic Arts,19.131474263671794
Shooter,Ubisoft,7.5380720858279435
Shooter,2K Games,3.710772692570418
Shooter,Sony Computer Entertainment,2.762486438702937
Shooter,LucasArts,2.578655522963796
Shooter,Bethesda Softworks,2.342588500020091
Shooter,Microsoft Studios,2.1858801784063973
Shooter,Atari,1.763973158677221
Shooter,Microsoft Game Studios,1.3742114356893158
Shooter,THQ,1.2838027886044923
Shooter,Sega,1.2767710049423393
Shooter,Rockstar Games,1.2084622493671393
Shooter,Capcom,1.0236267931048337
Shooter,Namco,0.9362317675895045
Shooter,Konami,0.8749547956764577
Shooter,Eidos Interactive,0.8618957688753164
Shooter,Blizzard Entertainment,0.8217141479487282
Shooter,GT Interactive,0.7775143649294812
Shooter,Midway Games,0.7564190139430225
Shooter,Acclaim Entertainment,0.6820830152288343
Shooter,Square Enix,0.6539558805802226
Shooter,Gotham Games,0.5856471250050227
Shooter,505 Games,0.5695744766343874
Shooter,Imagic,0.44702053280829346
Shooter,Valve,0.41688431711335244
Shooter,Nintendo,0.4148752360670229
Shooter,Majesco,0.41387069554385825
Shooter,Codemasters,0.4088479929280347
Shooter,City Interactive,0.3676618314782818
Shooter,Warner Bros. Interactive,0.3546028046771406
Shooter,Deep Silver,0.2621850765459878
Shooter,Sierra Entertainment,0.2591714549764938
Shooter,Sony Interactive Entertainment,0.2591714549764938
Shooter,Red Storm Entertainment,0.2521396713143408
Shooter,D3 Publisher,0.2400851850363644
Shooter,Namco Bandai,0.22702615823522324
Shooter,989 Studios,0.21597621248041146
Shooter,Crave Entertainment,0.21195805038775264
Shooter,Fox Interactive,0.1999035641097762
Shooter,Bandai,0.18282637521597622
Shooter,VU Games,0.17378551050749388
Shooter,3DO,0.16474464579901155
Shooter,Touchstone,0.14364929481255273
Shooter,Hasbro Interactive,0.13460843010407042
Shooter,Rebellion Developments,0.13460843010407042
Shooter,Take-Two Interactive,0.1315948085345763
Shooter,Global Star Software,0.1305902680114116
Shooter,TDK Mediactive,0.11954032225659983
Shooter,Infogrames,0.11552216016394101
Shooter,SouthPeak Interactive,0.10145859283963515
Shooter,Taxan,0.09643589022381163
Shooter,Vivendi Games,0.09442680917748222
Shooter,BAM! Entertainment,0.09342226865431752
Shooter,Zoo Games,0.08639048499216459
Shooter,NovaLogic,0.08237232289950577
Shooter,Mastiff,0.08036324185317636
Shooter,Interplay,0.07433599871418814
Shooter,Microsoft,0.07232691766785872
Shooter,D3Publisher,0.07031783662152931
Shooter,Warner Bros. Interactive Entertainment,0.0693132960983646
Shooter,Konami Digital Entertainment,0.06529513400570579
Shooter,THQ Nordic,0.05926789086671756
Shooter,Gamecock,0.058263350343552865
Shooter,KOEI,0.05123156668139993
Shooter,Tripwire Interactive,0.04620886406557641
Shooter,NIS America,0.04219070197291759
Shooter,Gearbox Software,0.03917708040342348
Shooter,SNK Playmore,0.03515891831076466
Shooter,Buena Vista,0.035158918310764654
Shooter,UFO Interactive,0.035158918310764654
Shooter,Coleco,0.03415437778759996
Shooter,Aksys Games,0.03214529674127054
Shooter,Valcon Games,0.02913167517177643
Shooter,Tecmo Koei,0.02812713464861173
Shooter,Wargaming.net,0.02812713464861173
Shooter,Gathering of Developers,0.028127134648611725
Shooter,"Destination Software, Inc",0.02712259412544702
Shooter,Working Designs,0.02712259412544702
Shooter,Irem Software Engineering,0.026118053602282316
Shooter,Conspiracy Entertainment,0.025113513079117612
Shooter,Mattel Interactive,0.024108972555952908
Shooter,Playmates,0.023104432032788204
Shooter,20th Century Fox Video Games,0.0220998915096235
Shooter,Cave,0.0220998915096235
Shooter,Taito,0.0220998915096235
Shooter,Agetec,0.021095350986458795
Shooter,Xseed Games,0.02009081046329409
Shooter,Hudson Soft,0.019086269940129387
Shooter,SNK,0.01808172941696468
Shooter,Devolver Digital,0.01707718889379998
Shooter,Groove Games,0.01707718889379998
Shooter,Evolved Games,0.017077188893799975
Shooter,Atlus,0.015068107847470567
Shooter,Bigben Interactive,0.015068107847470567
Shooter,Encore,0.015068107847470567
Shooter,Kemco,0.015068107847470567
Shooter,XS Games,0.015068107847470567
Shooter,Ignition Entertainment,0.014063567324305864
Shooter,Natsume,0.014063567324305864
Shooter,Bandai Namco Games,0.013059026801141158
Shooter,GameMill Entertainment,0.013059026801141158
Shooter,Got Game Entertainment,0.013059026801141158
Shooter,Namco Bandai Games,0.013059026801141158
Shooter,Destineer,0.012054486277976454
Shooter,Mud Duck Productions,0.012054486277976454
Shooter,ASC Games,0.01104994575481175
Shooter,Graffiti,0.01104994575481175
Shooter,Reef Entertainment,0.01104994575481175
Shooter,Titus,0.01104994575481175
Shooter,Empire Interactive,0.010045405231647046
Shooter,O~3 Entertainment,0.010045405231647046
Shooter,Phantom EFX,0.010045405231647046
Shooter,Storm City Games,0.010045405231647046
Shooter,O3 Entertainment,0.010045405231647044
Shooter,Banpresto,0.008036324185317635
Shooter,DreamCatcher Interactive,0.008036324185317635
Shooter,Maximum Games,0.008036324185317635
Shooter,Playlogic Game Factory,0.008036324185317635
Shooter,Data East,0.007031783662152932
Shooter,Nordic Games,0.007031783662152932
Shooter,ASCII Entertainment,0.006027243138988227
Shooter,Electro Brain,0.006027243138988227
Shooter,GameMill,0.006027243138988227
Shooter,Simon & Schuster Interactive,0.006027243138988227
Shooter,Tommo,0.006027243138988227
Shooter,Viva Media,0.006027243138988227
Shooter,5pb,0.005022702615823523
Shooter,Rising Star,0.005022702615823523
Shooter,Rising Star Games,0.005022702615823523
Shooter,Accolade,0.004018162092658818
Shooter,Bandai Namco Entertainment,0.004018162092658818
Shooter,Hip Interactive,0.004018162092658818
Shooter,Jaleco,0.004018162092658818
Shooter,Mastertronic,0.004018162092658818
Shooter,Mumbo Jumbo,0.004018162092658818
Shooter,Perpetual,0.004018162092658818
Shooter,Psygnosis,0.004018162092658818
Shooter,Rebellion,0.004018162092658818
Shooter,Universal Interactive,0.004018162092658818
Shooter,id Software,0.004018162092658818
Shooter,ESP,0.0030136215694941135
Shooter,Koch Media,0.0030136215694941135
Shooter,Maximum Family Games,0.0030136215694941135
Shooter,Virgin Interactive,0.0030136215694941135
Shooter,A1 Games,0.002009081046329409
Shooter,Alchemist,0.002009081046329409
Shooter,Arika,0.002009081046329409
Shooter,Focus Home Interactive,0.002009081046329409
Shooter,G.Rev,0.002009081046329409
Shooter,Gaga,0.002009081046329409
Shooter,Jack of All Games,0.002009081046329409
Shooter,Kadokawa Shoten,0.002009081046329409
Shooter,Sold Out,0.002009081046329409
Shooter,Visco,0.002009081046329409
Shooter,Warashi,0.002009081046329409
Shooter,1C Company,0.0010045405231647044
Shooter,Arc System Works,0.0010045405231647044
Shooter,Best Media,0.0010045405231647044
Shooter,GungHo,0.0010045405231647044
Shooter,Milestone,0.0010045405231647044
Shooter,Milkstone Studios,0.0010045405231647044
Shooter,Moss,0.0010045405231647044
Shooter,P2 Games,0.0010045405231647044
Shooter,Qute,0.0010045405231647044
Shooter,Soedesco,0.0010045405231647044
Shooter,Triangle Service,0.0010045405231647044
Shooter,AIA,0.0
Shooter,Aspyr,0.0
Shooter,Behaviour Interactive,0.0
Shooter,CDV Software Entertainment,0.0
Shooter,Chara-ani,0.0
Shooter,Digital Jesters,0.0
Shooter,Illusion Softworks,0.0
Shooter,Meridian4,0.0
Shooter,Telegames,0.0
Simulation,Electronic Arts,29.754131130063964
Simulation,Ubisoft,13.965884861407249
Simulation,Konami,9.581556503198293
Simulation,Majesco,5.726945628997868
Simulation,Natsume,3.618070362473347
Simulation,LucasArts,2.268789978678038
Simulation,THQ,2.202158848614072
Simulation,Activision,2.1488539445629
Simulation,Bandai,2.062233475479744
Simulation,Nintendo,1.9656183368869933
Simulation,Maxis,1.9489605543710022
Simulation,505 Games,1.8390191897654582
Simulation,Focus Home Interactive,1.802372068230277
Simulation,Microsoft Game Studios,1.7090884861407247
Simulation,Microsoft,1.7057569296375266
Simulation,Namco Bandai,1.0960820895522387
Simulation,Agetec,1.0327825159914712
Simulation,Sega,0.8995202558635392
Simulation,Sony Computer Entertainment,0.8428837953091683
Simulation,SouthPeak Interactive,0.6130063965884861
Simulation,Destineer,0.5963486140724946
Simulation,Namco Bandai Games,0.5430437100213219
Simulation,Game Factory,0.42977078891257997
Simulation,Atlus,0.42310767590618337
Simulation,Crave Entertainment,0.41644456289978676
Simulation,Titus,0.38312899786780386
Simulation,Hudson Soft,0.3564765458422175
Simulation,Frontier Developments,0.3331556503198294
Simulation,Jorudan,0.31649786780383793
Simulation,Microsoft Studios,0.3098347547974413
Simulation,Kalypso Media,0.2865138592750533
Simulation,Tecmo,0.25319829424307033
Simulation,Taito,0.24320362473347545
Simulation,Psygnosis,0.21655117270788912
Simulation,ASCII Entertainment,0.19989339019189767
Simulation,VU Games,0.1998933901918976
Simulation,Enix,0.19656183368869934
Simulation,SCS Software,0.19323027718550104
Simulation,Marvelous Interactive,0.1765724946695096
Simulation,Sold Out,0.1765724946695096
Simulation,Kalypso,0.17324093816631128
Simulation,DreamCatcher Interactive,0.1665778251599147
Simulation,Hect,0.1665778251599147
Simulation,Atari,0.1632462686567164
Simulation,Black Pearl,0.1632462686567164
Simulation,Koch Media,0.1632462686567164
Simulation,Banpresto,0.14992004264392322
Simulation,Eidos Interactive,0.14658848614072495
Simulation,2K Games,0.14658848614072492
Simulation,D3 Publisher,0.14325692963752665
Simulation,Square Enix,0.14325692963752665
Simulation,Zoo Games,0.13992537313432835
Simulation,Midway Games,0.13659381663113004
Simulation,Konami Digital Entertainment,0.12993070362473347
Simulation,Capcom,0.12659914712153517
Simulation,Sammy Corporation,0.12659914712153517
Simulation,Xseed Games,0.11327292110874197
Simulation,Aksys Games,0.10994136460554371
Simulation,Human Entertainment,0.10660980810234541
Simulation,KOEI,0.10327825159914712
Simulation,Microprose,0.10327825159914712
Simulation,Skybound Games,0.09994669509594883
Simulation,Aspyr,0.0999466950959488
Simulation,ARUSH Entertainment,0.09661513859275053
Simulation,Bold Games,0.09661513859275053
Simulation,MTO,0.09328358208955223
Simulation,Nippon Columbia,0.08995202558635394
Simulation,Valcon Games,0.08995202558635394
Simulation,Virgin Interactive,0.08995202558635394
Simulation,Bethesda Softworks,0.08662046908315564
Simulation,"Destination Software, Inc",0.08662046908315564
Simulation,Empire Interactive,0.08328891257995735
Simulation,Tomy Corporation,0.08328891257995735
Simulation,Deep Silver,0.07662579957356076
Simulation,Marvelous,0.07662579957356076
Simulation,Excalibur Publishing Limited,0.07329424307036247
Simulation,Maximum Games,0.07329424307036246
Simulation,Alchemist,0.06996268656716417
Simulation,Legacy Interactive,0.06996268656716417
Simulation,Core Design Ltd.,0.06329957356076758
Simulation,Zoo Digital Publishing,0.06329957356076758
Simulation,City Interactive,0.05996801705756929
Simulation,Soedesco,0.05996801705756929
Simulation,Disney Interactive Studios,0.056636460554371
Simulation,FCI,0.053304904051172705
Simulation,Takara Tomy,0.053304904051172705
Simulation,Conspiracy Entertainment,0.04997334754797442
Simulation,Little Orbit,0.0499733475479744
Simulation,Nighthawk Interactive,0.0499733475479744
Simulation,Codemasters,0.046641791044776115
Simulation,Dovetail Games,0.046641791044776115
Simulation,From Software,0.046641791044776115
Simulation,GameMill,0.046641791044776115
Simulation,Mastiff,0.046641791044776115
Simulation,Planet Entertainment,0.046641791044776115
Simulation,TDK Mediactive,0.046641791044776115
Simulation,Take-Two Interactive,0.04331023454157782
Simulation,Aerosoft,0.039978678038379525
Simulation,ArtDink,0.039978678038379525
Simulation,Sony Interactive Entertainment,0.039978678038379525
Simulation,O3 Entertainment,0.03664712153518123
Simulation,Team 17,0.03664712153518123
Simulation,Working Designs,0.03664712153518123
Simulation,bitComposer Games,0.03664712153518123
Simulation,BAM! Entertainment,0.03331556503198294
Simulation,Gust,0.03331556503198294
Simulation,Kadokawa Shoten,0.02998400852878465
Simulation,Asmik Ace Entertainment,0.029984008528784644
Simulation,Benesse,0.029984008528784644
Simulation,Crystal Dynamics,0.029984008528784644
Simulation,Hearty Robin,0.029984008528784644
Simulation,Origin Systems,0.029984008528784644
Simulation,TREVA Entertainment,0.029984008528784644
Simulation,CDV Software Entertainment,0.026652452025586353
Simulation,Egosoft,0.026652452025586353
Simulation,Metro 3D,0.026652452025586353
Simulation,Micro Cabin,0.026652452025586353
Simulation,Spike,0.026652452025586353
Simulation,Tecmo Koei,0.026652452025586353
Simulation,Victor Interactive,0.026652452025586353
Simulation,American Technos,0.023320895522388058
Simulation,Bandai Namco Games,0.023320895522388058
Simulation,Creative Core,0.023320895522388058
Simulation,GT Interactive,0.023320895522388058
Simulation,Graffiti,0.023320895522388058
Simulation,Introversion Software,0.023320895522388058
Simulation,Mad Catz,0.023320895522388058
Simulation,Paradox Interactive,0.023320895522388058
Simulation,Rising Star Games,0.023320895522388058
Simulation,Techland,0.023320895522388058
Simulation,D3Publisher,0.019989339019189763
Simulation,ESP,0.019989339019189763
Simulation,Gathering of Developers,0.019989339019189763
Simulation,Kadokawa Games,0.019989339019189763
Simulation,Level 5,0.019989339019189763
Simulation,NEC Interchannel,0.019989339019189763
Simulation,Pack-In-Video,0.019989339019189763
Simulation,Warner Bros. Interactive Entertainment,0.019989339019189763
Simulation,Excalibur Publishing,0.01665778251599147
Simulation,Genki,0.01665778251599147
Simulation,Giants Software,0.01665778251599147
Simulation,Phantagram,0.01665778251599147
Simulation,RTL,0.01665778251599147
Simulation,7G//AMES,0.013326226012793176
Simulation,Big Ben Interactive,0.013326226012793176
Simulation,Enterbrain,0.013326226012793176
Simulation,FuRyu Corporation,0.013326226012793176
Simulation,Lionhead Studios,0.013326226012793176
Simulation,Masque Publishing,0.013326226012793176
Simulation,Nippon Ichi Software,0.013326226012793176
Simulation,Riverhillsoft,0.013326226012793176
Simulation,Rocket Company,0.013326226012793176
Simulation,UIG Entertainment,0.013326226012793176
Simulation,XS Games,0.013326226012793176
Simulation,Alternative Software,0.009994669509594881
Simulation,Broccoli,0.009994669509594881
Simulation,Hamster Corporation,0.009994669509594881
Simulation,O-Games,0.009994669509594881
Simulation,Office Create,0.009994669509594881
Simulation,PQube,0.009994669509594881
Simulation,TDK Core,0.009994669509594881
Simulation,THQ Nordic,0.009994669509594881
Simulation,Avanquest,0.006663113006396588
Simulation,DSI Games,0.006663113006396588
Simulation,GameMill Entertainment,0.006663113006396588
Simulation,Ghostlight,0.006663113006396588
Simulation,Graphsim Entertainment,0.006663113006396588
Simulation,Happinet,0.006663113006396588
Simulation,Imageworks,0.006663113006396588
Simulation,Midas Interactive Entertainment,0.006663113006396588
Simulation,Monte Christo Multimedia,0.006663113006396588
Simulation,Rondomedia,0.006663113006396588
Simulation,Vatical Entertainment,0.006663113006396588
Simulation,fonfun,0.006663113006396588
Simulation,Ascaron Entertainment,0.003331556503198294
Simulation,DTP Entertainment,0.003331556503198294
Simulation,First Class Simulations,0.003331556503198294
Simulation,GMX Media,0.003331556503198294
Simulation,Idea Factory,0.003331556503198294
Simulation,Independent Arts Software GmbH,0.003331556503198294
Simulation,LEGO Media,0.003331556503198294
Simulation,Lighthouse Interactive,0.003331556503198294
Simulation,Majesco Entertainment,0.003331556503198294
Simulation,Meridian4,0.003331556503198294
Simulation,Mumbo Jumbo,0.003331556503198294
Simulation,Nobilis,0.003331556503198294
Simulation,Ongakukan,0.003331556503198294
Simulation,Paradox Development,0.003331556503198294
Simulation,RailSimulator.com,0.003331556503198294
Simulation,Rising Star,0.003331556503198294
Simulation,Strategy First,0.003331556503198294
Simulation,Studio Artdink,0.003331556503198294
Simulation,Summitsoft,0.003331556503198294
Simulation,UFO Interactive,0.003331556503198294
Simulation,Avanquest Software,0.0
Simulation,Dimple Entertainment,0.0
Simulation,E-Frontier,0.0
Simulation,Enlight,0.0
Simulation,Foreign Media Games,0.0
Simulation,Global A Entertainment,0.0
Simulation,Hudson Entertainment,0.0
Simulation,Interchannel,0.0
Simulation,Jaleco,0.0
Simulation,Just Flight,0.0
Simulation,Merscom LLC,0.0
Simulation,Mindscape,0.0
Simulation,Navarre Corp,0.0
Simulation,NovaLogic,0.0
Simulation,Sandlot Games,0.0
Simulation,Stardock,0.0
Simulation,System Soft,0.0
Simulation,Tri Synergy,0.0
Simulation,Viva Media,0.0
Simulation,iEntertainment Network,0.0
Simulation,iWin,0.0
Sports,EA Sports,37.44650379106992
Sports,2K Sports,8.04296545914069
Sports,Konami,7.4406065711878675
Sports,Activision,7.13732097725358
Sports,Electronic Arts,6.5930918281381645
Sports,Sega,5.318449873631003
Sports,Sony Computer Entertainment,4.945240101095198
Sports,EA Sports BIG,1.9983150800336982
Sports,Ubisoft,1.924178601516428
Sports,Midway Games,1.7447346251053077
Sports,Acclaim Entertainment,1.4802021903959561
Sports,Konami Digital Entertainment,1.1415332771693345
Sports,THQ,0.9528222409435553
Sports,Nintendo,0.8778433024431339
Sports,989 Studios,0.7818028643639426
Sports,Atari,0.7059814658803707
Sports,Namco,0.7034540859309183
Sports,Majesco,0.6663858466722831
Sports,Take-Two Interactive,0.46588037068239263
Sports,Sony Computer Entertainment America,0.45998315080033697
Sports,505 Games,0.43723673125526535
Sports,Tengen,0.40438079191238413
Sports,Crave Entertainment,0.37489469250210616
Sports,ASCII Entertainment,0.36815501263689976
Sports,2K Games,0.3192923336141533
Sports,Destineer,0.2527379949452401
Sports,Microsoft Studios,0.25189553496208933
Sports,Natsume,0.25105307497893853
Sports,Sony Interactive Entertainment,0.25021061499578773
Sports,Tecmo,0.2426284751474305
Sports,Eidos Interactive,0.2308340353833193
Sports,2K Play,0.2291491154170177
Sports,Rockstar Games,0.22325189553496208
Sports,Microsoft Game Studios,0.2224094355518113
Sports,Hudson Soft,0.21903959561920808
Sports,Codemasters,0.20219039595619206
Sports,Conspiracy Entertainment,0.19545071609098566
Sports,Mastiff,0.1946082561078349
Sports,Agetec,0.18955349620893008
Sports,Microsoft,0.18365627632687445
Sports,Arena Entertainment,0.17270429654591407
Sports,KOEI,0.16006739679865206
Sports,3DO,0.13226621735467567
Sports,Infogrames,0.12973883740522327
Sports,Namco Bandai,0.11710193765796124
Sports,Capcom,0.10530749789385004
Sports,Mud Duck Productions,0.10362257792754845
Sports,Deep Silver,0.09267059814658804
Sports,Enterbrain,0.09267059814658804
Sports,Bandai,0.08677337826453244
Sports,Level 5,0.08593091828138164
Sports,Atlus,0.08340353833192923
Sports,Aksys Games,0.08256107834877843
Sports,Tecmo Koei,0.08003369839932603
Sports,XS Games,0.08003369839932603
Sports,Maximum Games,0.06992417860151644
Sports,Jaleco,0.06823925863521484
Sports,Global Star Software,0.06318449873631002
Sports,SouthPeak Interactive,0.06318449873631002
Sports,Simon & Schuster Interactive,0.06234203875315923
Sports,ASC Games,0.05560235888795283
Sports,Square,0.05560235888795283
Sports,Epoch,0.053917438921651226
Sports,Interplay,0.05223251895534962
Sports,Fox Interactive,0.051390058972198824
Sports,O-Games,0.04970513900589722
Sports,D3 Publisher,0.04886267902274642
Sports,Zoo Games,0.04633529907329402
Sports,Namco Bandai Games,0.04465037910699242
Sports,Banpresto,0.041280539174389216
Sports,Bethesda Softworks,0.041280539174389216
Sports,Universal Interactive,0.041280539174389216
Sports,Human Entertainment,0.040438079191238416
Sports,Hot-B,0.039595619208087615
Sports,Mattel Interactive,0.039595619208087615
Sports,Mad Catz,0.037910699241786014
Sports,Imagineer,0.03538331929233361
Sports,Magical Company,0.03454085930918281
Sports,Xseed Games,0.03285593934288121
Sports,989 Sports,0.032013479359730417
Sports,Knowledge Adventure,0.031171019376579616
Sports,Tru Blu Entertainment,0.031171019376579616
Sports,Media Rings,0.030328559393428812
Sports,BAM! Entertainment,0.02948609941027801
Sports,Victor Interactive,0.028643639427127214
Sports,Accolade,0.02864363942712721
Sports,MLB Advanced Media,0.027801179443976413
Sports,VU Games,0.027801179443976413
Sports,Mindscape,0.026958719460825613
Sports,Seta Corporation,0.026116259477674816
Sports,DreamCatcher Interactive,0.02611625947767481
Sports,Home Entertainment Suppliers,0.02611625947767481
Sports,MLB.com,0.02443133951137321
Sports,A1 Games,0.024431339511373208
Sports,Koch Media,0.023588879528222414
Sports,Bigben Interactive,0.02274641954507161
Sports,GameMill,0.02274641954507161
Sports,Focus Home Interactive,0.02190395956192081
Sports,Axela,0.02106149957877001
Sports,Big Ben Interactive,0.02106149957877001
Sports,UFO Interactive,0.02106149957877001
Sports,Bandai Namco Games,0.019376579612468407
Sports,Alternative Software,0.018534119629317607
Sports,Detn8 Games,0.018534119629317607
Sports,Activision Value,0.017691659646166806
Sports,Virgin Interactive,0.017691659646166806
Sports,Culture Brain,0.016849199663016005
Sports,DTP Entertainment,0.016849199663016005
Sports,Nighthawk Interactive,0.016849199663016005
Sports,Zoo Digital Publishing,0.016849199663016005
Sports,Tommo,0.01516427969671441
Sports,Aspyr,0.015164279696714406
Sports,Ignition Entertainment,0.015164279696714406
Sports,Asmik Corp,0.014321819713563607
Sports,VR Sports,0.014321819713563607
Sports,Aques,0.013479359730412806
Sports,DSI Games,0.013479359730412806
Sports,LEGO Media,0.013479359730412806
Sports,Kadokawa Shoten,0.012636899747262004
Sports,Media Factory,0.012636899747262004
Sports,Gremlin Interactive Ltd,0.010951979780960405
Sports,Nordic Games,0.010951979780960405
Sports,U.S. Gold,0.010951979780960405
Sports,responDESIGN,0.010951979780960405
Sports,Ghostlight,0.010109519797809606
Sports,Enix,0.010109519797809604
Sports,Psyonix Studios,0.010109519797809604
Sports,T&E Soft,0.010109519797809604
Sports,Xicat Interactive,0.009267059814658803
Sports,GT Interactive,0.008424599831508003
Sports,Pinnacle,0.008424599831508003
Sports,SVG Distribution,0.008424599831508003
Sports,10TACLE Studios,0.007582139848357203
Sports,Game Factory,0.007582139848357203
Sports,Griffin International,0.007582139848357203
Sports,Hudson Entertainment,0.007582139848357203
Sports,Storm City Games,0.007582139848357203
Sports,Black Bean Games,0.006739679865206403
Sports,Crystal Dynamics,0.006739679865206403
Sports,Valcon Games,0.006739679865206403
Sports,Misawa,0.0058972198820556035
Sports,PQube,0.0058972198820556035
Sports,Rocket Company,0.0058972198820556035
Sports,Vir2L Studios,0.0058972198820556035
Sports,"Destination Software, Inc",0.005054759898904802
Sports,DigiCube,0.005054759898904802
Sports,Psygnosis,0.005054759898904802
Sports,THQ Nordic,0.005054759898904802
Sports,AIA,0.004212299915754001
Sports,Navarre Corp,0.004212299915754001
Sports,Outright Games,0.004212299915754001
Sports,Playlogic Game Factory,0.004212299915754001
Sports,Genki,0.0033698399326032016
Sports,Graffiti,0.0033698399326032016
Sports,Hip Interactive,0.0033698399326032016
Sports,Koei Tecmo,0.0033698399326032016
Sports,Sidhe Interactive,0.0033698399326032016
Sports,Summitsoft,0.0033698399326032016
Sports,49Games,0.002527379949452401
Sports,Avanquest,0.002527379949452401
Sports,Bold Games,0.002527379949452401
Sports,Marvelous Interactive,0.002527379949452401
Sports,Takara Tomy,0.002527379949452401
Sports,LucasArts,0.0016849199663016008
Sports,Mumbo Jumbo,0.0016849199663016008
Sports,Spike,0.0016849199663016008
Sports,Technos Japan Corporation,0.0016849199663016008
Sports,Virtual Play Games,0.0016849199663016008
Sports,Empire Interactive,0.0008424599831508004
Sports,Now Production,0.0008424599831508004
Sports,Oxygen Interactive,0.0008424599831508004
Sports,Alpha Unit,0.0
Sports,Blade Interactive,0.0
Sports,Evolved Games,0.0
Sports,Fru Blu Games,0.0
Sports,GamersGate,0.0
Sports,GungHo,0.0
Sports,Midas Interactive Entertainment,0.0
Sports,Mindstorm Studios,0.0
Sports,NewKidCo,0.0
Sports,Nordcurrent,0.0
Sports,Red Mile Entertainment,0.0
Sports,System 3 Arcade Software,0.0
Sports,Tradewest,0.0
Sports,Virgin Play,0.0
Strategy,Electronic Arts,12.101964769647696
Strategy,Banpresto,8.121612466124661
Strategy,Nintendo,7.791327913279132
Strategy,Ubisoft,6.8174119241192415
Strategy,Eidos Interactive,5.165989159891598
Strategy,Konami,5.047425474254743
Strategy,Bandai,4.971205962059621
Strategy,2K Games,4.759485094850949
Strategy,KOEI,4.632452574525745
Strategy,THQ,4.598577235772358
Strategy,Sega,3.0826558265582658
Strategy,Namco Bandai,2.371273712737128
Strategy,Warner Bros. Interactive,2.345867208672087
Strategy,LucasArts,2.3289295392953933
Strategy,Sony Computer Entertainment,2.2611788617886175
Strategy,Atari,2.184959349593496
Strategy,PopCap Games,1.3465447154471546
Strategy,Tecmo Koei,0.9993224932249322
Strategy,Namco Bandai Games,0.9908536585365854
Strategy,Kalypso,0.9146341463414636
Strategy,Microsoft Game Studios,0.6859756097560976
Strategy,Westwood Studios,0.6859756097560976
Strategy,Bethesda Softworks,0.6521002710027101
Strategy,Square Enix,0.6097560975609757
Strategy,Working Designs,0.6012872628726287
Strategy,Virgin Interactive,0.5928184281842818
Strategy,Atlus,0.584349593495935
Strategy,Microsoft,0.51659891598916
Strategy,Blizzard Entertainment,0.4911924119241192
Strategy,Activision,0.48272357723577236
Strategy,Paradox Interactive,0.440379403794038
Strategy,Microsoft Studios,0.4319105691056911
Strategy,Majesco,0.4149728997289973
Strategy,Deep Silver,0.39803523035230354
Strategy,Kalypso Media,0.3895663956639567
Strategy,NIS America,0.3895663956639566
Strategy,ASCII Entertainment,0.33875338753387535
Strategy,NCS,0.33875338753387535
Strategy,SSI,0.3218157181571816
Strategy,ArtDink,0.3048780487804878
Strategy,Sierra Entertainment,0.3048780487804878
Strategy,Tecmo,0.3048780487804878
Strategy,SouthPeak Interactive,0.27947154471544716
Strategy,Jaleco,0.2625338753387534
Strategy,Capcom,0.25406504065040647
Strategy,Elf,0.23712737127371278
Strategy,FuRyu Corporation,0.23712737127371272
Strategy,Crave Entertainment,0.220189701897019
Strategy,Bandai Namco Games,0.20325203252032523
Strategy,Aksys Games,0.19478319783197834
Strategy,Acclaim Entertainment,0.1609078590785908
Strategy,Slitherine Software,0.13550135501355012
Strategy,Sony Online Entertainment,0.13550135501355012
Strategy,Mindscape,0.12703252032520324
Strategy,General Entertainment,0.11856368563685639
Strategy,Namco,0.11856368563685639
Strategy,Square,0.11856368563685639
Strategy,Aspyr,0.11856368563685636
Strategy,505 Games,0.1100948509485095
Strategy,Agetec,0.1100948509485095
Strategy,Focus Home Interactive,0.1100948509485095
Strategy,Level 5,0.1100948509485095
Strategy,Take-Two Interactive,0.1100948509485095
Strategy,Aquaplus,0.10162601626016259
Strategy,Infogrames,0.10162601626016259
Strategy,Sold Out,0.10162601626016259
Strategy,THQ Nordic,0.10162601626016259
Strategy,3DO,0.09315718157181571
Strategy,NEC Interchannel,0.09315718157181571
Strategy,2K Play,0.08468834688346884
Strategy,DTP Entertainment,0.08468834688346884
Strategy,LEGO Media,0.08468834688346884
Strategy,SNK Playmore,0.08468834688346884
Strategy,Natsume,0.08468834688346882
Strategy,"Destination Software, Inc",0.07621951219512195
Strategy,Media Works,0.07621951219512195
Strategy,Microprose,0.07621951219512195
Strategy,Secret Stash Games,0.07621951219512195
Strategy,Time Warner Interactive,0.07621951219512195
Strategy,Xseed Games,0.07621951219512195
Strategy,Acquire,0.06775067750677506
Strategy,Broccoli,0.06775067750677506
Strategy,D3 Publisher,0.06775067750677506
Strategy,Glams,0.06775067750677506
Strategy,Maxis,0.06775067750677506
Strategy,Telegames,0.06775067750677506
Strategy,Global Star Software,0.059281842818428195
Strategy,O~3 Entertainment,0.059281842818428195
Strategy,Team17 Digital Ltd,0.059281842818428195
Strategy,1C Company,0.05928184281842818
Strategy,Koei Tecmo,0.05928184281842818
Strategy,Valcon Games,0.05081300813008131
Strategy,CDV Software Entertainment,0.05081300813008129
Strategy,Conspiracy Entertainment,0.05081300813008129
Strategy,CyberFront,0.05081300813008129
Strategy,Midas Interactive Entertainment,0.05081300813008129
Strategy,Nippon Ichi Software,0.05081300813008129
Strategy,Soedesco,0.05081300813008129
Strategy,Ascaron Entertainment,0.04234417344173442
Strategy,Team17 Software,0.04234417344173442
Strategy,Alawar Entertainment,0.03387533875338753
Strategy,Flight-Plan,0.03387533875338753
Strategy,Irem Software Engineering,0.03387533875338753
Strategy,Kemco,0.03387533875338753
Strategy,Konami Digital Entertainment,0.03387533875338753
Strategy,Mumbo Jumbo,0.03387533875338753
Strategy,Strategy First,0.03387533875338753
Strategy,System Soft,0.03387533875338753
Strategy,VU Games,0.03387533875338753
Strategy,Virtual Play Games,0.03387533875338753
Strategy,Angel Studios,0.025406504065040646
Strategy,Gathering of Developers,0.025406504065040646
Strategy,Nobilis,0.025406504065040646
Strategy,Nordic Games,0.025406504065040646
Strategy,Stardock,0.025406504065040646
Strategy,Wargaming.net,0.025406504065040646
Strategy,Empire Interactive,0.016937669376693765
Strategy,Gamecock,0.016937669376693765
Strategy,JoWood Productions,0.016937669376693765
Strategy,Koch Media,0.016937669376693765
Strategy,League of Geeks,0.016937669376693765
Strategy,Maximum Games,0.016937669376693765
Strategy,Meridian4,0.016937669376693765
Strategy,New World Computing,0.016937669376693765
Strategy,Playlogic Game Factory,0.016937669376693765
Strategy,Sony Interactive Entertainment,0.016937669376693765
Strategy,Storm City Games,0.016937669376693765
Strategy,Titus,0.016937669376693765
Strategy,Codemasters,0.008468834688346883
Strategy,Funbox Media,0.008468834688346883
Strategy,Gust,0.008468834688346883
Strategy,Interchannel-Holon,0.008468834688346883
Strategy,KING Art Games,0.008468834688346883
Strategy,M2,0.008468834688346883
Strategy,O3 Entertainment,0.008468834688346883
Strategy,PM Studios,0.008468834688346883
Strategy,Tri Synergy,0.008468834688346883
Strategy,Trion Worlds,0.008468834688346883
Strategy,Viva Media,0.008468834688346883
Strategy,eGames,0.008468834688346883
Strategy,Asmik Ace Entertainment,0.0
Strategy,Black Bean Games,0.0
Strategy,DTMC,0.0
Strategy,DreamCatcher Interactive,0.0
Strategy,EON Digital Entertainment,0.0
Strategy,Encore,0.0
Strategy,Enlight,0.0
Strategy,FireFly Studios,0.0
Strategy,GT Interactive,0.0
Strategy,Game Factory,0.0
Strategy,Graphsim Entertainment,0.0
Strategy,HD Interactive,0.0
Strategy,Hip Interactive,0.0
Strategy,Interplay,0.0
Strategy,Metro 3D,0.0
Strategy,Midway Games,0.0
Strategy,Myelin Media,0.0
Strategy,Rising Star,0.0
Strategy,Spellbound,0.0
Strategy,Sunrise Interactive,0.0
Strategy,TopWare,0.0
Strategy,ValuSoft,0.0
Strategy,Whiptail Interactive,0.0
Visual Novel,Idea Factory,17.1280276816609
Visual Novel,5pb,16.43598615916955
Visual Novel,NIS America,7.093425605536331
Visual Novel,Kadokawa Shoten,6.401384083044983
Visual Novel,Aksys Games,5.536332179930796
Visual Novel,Namco Bandai Games,5.536332179930796
Visual Novel,Atlus,3.9792387543252596
Visual Novel,Prototype,3.4602076124567476
Visual Novel,Broccoli,2.5951557093425603
Visual Novel,Nippon Ichi Software,2.422145328719723
Visual Novel,D3Publisher,2.249134948096886
Visual Novel,PQube,2.0761245674740487
Visual Novel,Type-Moon,2.0761245674740483
Visual Novel,Aqua Plus,1.9031141868512111
Visual Novel,Spike Chunsoft,1.9031141868512111
Visual Novel,Konami Digital Entertainment,1.7301038062283738
Visual Novel,Compile Heart,1.5570934256055362
Visual Novel,Kadokawa Games,1.5570934256055362
Visual Novel,Alchemist,1.384083044982699
Visual Novel,Sprite,1.384083044982699
Visual Novel,Quinrose,1.2110726643598615
Visual Novel,ChunSoft,1.0380622837370241
Visual Novel,Rejet,1.0380622837370241
Visual Novel,Tecmo Koei,0.8650519031141869
Visual Novel,Comfort,0.6920415224913495
Visual Novel,Entergram,0.6920415224913495
Visual Novel,Arc System Works,0.5190311418685121
Visual Novel,Asgard,0.5190311418685121
Visual Novel,Dramatic Create,0.5190311418685121
Visual Novel,System Soft Alpha,0.5190311418685121
Visual Novel,El Dia,0.34602076124567477
Visual Novel,FuRyu Corporation,0.34602076124567477
Visual Novel,Giza10,0.34602076124567477
Visual Novel,Koei Tecmo,0.34602076124567477
Visual Novel,MAGES,0.34602076124567477
Visual Novel,Minato Station,0.34602076124567477
Visual Novel,Views,0.34602076124567477
Visual Novel,Yeti,0.34602076124567477
Visual Novel,Bandai Namco Games,0.17301038062283738
Visual Novel,Digiturbo,0.17301038062283738
Visual Novel,KOEI,0.17301038062283738
Visual Novel,Kemco,0.17301038062283738
Visual Novel,Takuyo,0.17301038062283738
Visual Novel,Wolfgame,0.17301038062283738
Visual Novel,Xseed Games,0.17301038062283738
Visual Novel,Aria,0.0
Visual Novel,Harukaze,0.0
Visual Novel,Piacci,0.0
Visual Novel,Stack,0.0
